title,location,postedOn,url
Senior Site Reliability Engineer - Observability and Telemetry Platform,3 Locations,Posted Yesterday,https://nvidia.wd5.myworkdayjobs.com/en-US/NVIDIAExternalCareerSite/job/US-CA-Santa-Clara/Senior-Site-Reliability-Engineer---Observability-and-Telemetry-Platform_JR1986326
Senior DGX Cloud Software Engineer- Infrastructure Automation and Distributed Systems,5 Locations,Posted 2 Days Ago,https://nvidia.wd5.myworkdayjobs.com/en-US/NVIDIAExternalCareerSite/job/US-CA-Santa-Clara/Senior-DGX-Cloud-Software-Engineer--Infrastructure-Automation-and-Distributed-Systems_JR1988162
Global Sourcing Analyst,"US, CA, Santa Clara",Posted 2 Days Ago,https://nvidia.wd5.myworkdayjobs.com/en-US/NVIDIAExternalCareerSite/job/US-CA-Santa-Clara/Global-Sourcing-Analyst_JR1989987
Speed Characterization Engineer,"US, CA, Santa Clara",Posted 2 Days Ago,https://nvidia.wd5.myworkdayjobs.com/en-US/NVIDIAExternalCareerSite/job/US-CA-Santa-Clara/Speed-Characterization-Engineer_JR1990348
Senior Silicon Circuits System Design Engineer,"US, CA, Santa Clara",Posted 2 Days Ago,https://nvidia.wd5.myworkdayjobs.com/en-US/NVIDIAExternalCareerSite/job/US-CA-Santa-Clara/Senior-Silicon-Circuits-System-Design-Engineer_JR1990293
"Silicon Performance, Power and Binning Tools Engineer","US, CA, Santa Clara",Posted 2 Days Ago,https://nvidia.wd5.myworkdayjobs.com/en-US/NVIDIAExternalCareerSite/job/US-CA-Santa-Clara/Silicon-Performance--Power-and-Binning-Tools-Engineer_JR1990296
Senior Technical Program Manager – Silicon Solutions,"US, CA, Santa Clara",Posted 2 Days Ago,https://nvidia.wd5.myworkdayjobs.com/en-US/NVIDIAExternalCareerSite/job/US-CA-Santa-Clara/Senior-Technical-Program-Manager---Silicon-Solutions_JR1990487
Senior System Level Product Engineer,"US, CA, Santa Clara",Posted 2 Days Ago,https://nvidia.wd5.myworkdayjobs.com/en-US/NVIDIAExternalCareerSite/job/US-CA-Santa-Clara/Senior-System-Level-Product-Engineer_JR1990234
Senior System Level Testability Lead,"US, CA, Santa Clara",Posted 2 Days Ago,https://nvidia.wd5.myworkdayjobs.com/en-US/NVIDIAExternalCareerSite/job/US-CA-Santa-Clara/Senior-System-Level-Testability-Lead_JR1990244
Senior HPC Systems Engineer,3 Locations,Posted 2 Days Ago,https://nvidia.wd5.myworkdayjobs.com/en-US/NVIDIAExternalCareerSite/job/US-CA-Santa-Clara/Senior-HPC-Systems-Engineer_JR1986609
Senior Performance Engineer,3 Locations,Posted 2 Days Ago,https://nvidia.wd5.myworkdayjobs.com/en-US/NVIDIAExternalCareerSite/job/US-CA-Santa-Clara/Senior-Performance-Engineer_JR1986325
Senior Linux Systems Engineer,3 Locations,Posted 2 Days Ago,https://nvidia.wd5.myworkdayjobs.com/en-US/NVIDIAExternalCareerSite/job/US-CA-Santa-Clara/Senior-Linux-Systems-Engineer_JR1986224
"Senior Developer Technology Engineer, Public Sector",3 Locations,Posted 2 Days Ago,https://nvidia.wd5.myworkdayjobs.com/en-US/NVIDIAExternalCareerSite/job/US-CA-Santa-Clara/Senior-Developer-Technology-Engineer--Public-Sector_JR1987080
"Senior Software Engineer, AI Security Engineering",5 Locations,Posted 2 Days Ago,https://nvidia.wd5.myworkdayjobs.com/en-US/NVIDIAExternalCareerSite/job/US-TX-Austin/Senior-Software-Engineer--AI-Security-Engineering_JR1990309
"Senior Software Engineer, AI Security Engineering","US, TX, Austin",Posted 2 Days Ago,https://nvidia.wd5.myworkdayjobs.com/en-US/NVIDIAExternalCareerSite/job/US-TX-Austin/Senior-Software-Engineer--AI-Security-Engineering_JR1990305
"Principal Observability Architect, AI and HPC","US, CA, Santa Clara",Posted 2 Days Ago,https://nvidia.wd5.myworkdayjobs.com/en-US/NVIDIAExternalCareerSite/job/US-CA-Santa-Clara/Principal-Observability-Architect--AI-and-HPC_JR1988604
CAD Engineer - New College Grad 2024,"US, CA, Santa Clara",Posted 2 Days Ago,https://nvidia.wd5.myworkdayjobs.com/en-US/NVIDIAExternalCareerSite/job/US-CA-Santa-Clara/CAD-Engineer---New-College-Grad-2024_JR1983050
"Research Scientist, Computer Vision and AI - New College Grad 2025","US, CA, Santa Clara",Posted 2 Days Ago,https://nvidia.wd5.myworkdayjobs.com/en-US/NVIDIAExternalCareerSite/job/US-CA-Santa-Clara/Research-Scientist--Computer-Vision-and-AI---New-College-Grad-2025_JR1990471
Finance Business Intelligence Analyst,"US, CA, Santa Clara",Posted 2 Days Ago,https://nvidia.wd5.myworkdayjobs.com/en-US/NVIDIAExternalCareerSite/job/US-CA-Santa-Clara/Finance-Business-Intelligence-Analyst_JR1985062
Senior ASIC Design Engineer,"US, MA, Westford",Posted 2 Days Ago,https://nvidia.wd5.myworkdayjobs.com/en-US/NVIDIAExternalCareerSite/job/US-MA-Westford/Senior-ASIC-Design-Engineer_JR1985836
"Senior Solutions Architect, HPC",3 Locations,Posted 2 Days Ago,https://nvidia.wd5.myworkdayjobs.com/en-US/NVIDIAExternalCareerSite/job/US-IL-Remote/Senior-Solutions-Architect--HPC_JR1983703
ASIC Verification Engineer - GPU,3 Locations,Posted 2 Days Ago,https://nvidia.wd5.myworkdayjobs.com/en-US/NVIDIAExternalCareerSite/job/US-CA-Santa-Clara/ASIC-Verification-Engineer---GPU_JR1969014
Senior Packaging Technical Engineer - Hardware,"US, CA, Remote",Posted 2 Days Ago,https://nvidia.wd5.myworkdayjobs.com/en-US/NVIDIAExternalCareerSite/job/US-CA-Remote/Senior-Packaging-Technical-Engineer---Hardware_JR1983229
Senior Design Verification Engineer,"India, Bengaluru",Posted 2 Days Ago,https://nvidia.wd5.myworkdayjobs.com/en-US/NVIDIAExternalCareerSite/job/India-Bengaluru/Senior-Design-Verification-Engineer_JR1990269
Senior Production SRE Engineer - Storage,"US, CA, Santa Clara",Posted 2 Days Ago,https://nvidia.wd5.myworkdayjobs.com/en-US/NVIDIAExternalCareerSite/job/US-CA-Santa-Clara/Senior-Site-Reliability-Engineer---Storage-Platform_JR1980966-1
"Senior Solutions Architect, Cloud Infrastructure and DevOps - NVIS","Canada, Remote",Posted 2 Days Ago,https://nvidia.wd5.myworkdayjobs.com/en-US/NVIDIAExternalCareerSite/job/Canada-Remote/Senior-Solutions-Architect--Cloud-Infrastructure-and-DevOps---NVIS_JR1989859
"Senior Solutions Architect, Infiniband and Ethernet Networking - NVIS","Canada, Remote",Posted 2 Days Ago,https://nvidia.wd5.myworkdayjobs.com/en-US/NVIDIAExternalCareerSite/job/Canada-Remote/Senior-Solutions-Architect--Infiniband-and-Ethernet-Networking---NVIS_JR1989855
Senior Software Technical Program Manager - Compute Software Technologies,"US, CA, Santa Clara",Posted 2 Days Ago,https://nvidia.wd5.myworkdayjobs.com/en-US/NVIDIAExternalCareerSite/job/US-CA-Santa-Clara/Senior-Software-Technical-Program-Manager---Compute-Software-Technologies_JR1989053
"Senior Systems Software Engineer, Containers and Kubernetes",2 Locations,Posted 2 Days Ago,https://nvidia.wd5.myworkdayjobs.com/en-US/NVIDIAExternalCareerSite/job/US-CA-Santa-Clara/Senior-Systems-Software-Engineer--Containers-and-Kubernetes_JR1987060
Senior Cloud Platform Software Engineer,2 Locations,Posted 2 Days Ago,https://nvidia.wd5.myworkdayjobs.com/en-US/NVIDIAExternalCareerSite/job/US-CA-Santa-Clara/Senior-Cloud-Platform-Software-Engineer_JR1970540
Senior Physical Design Engineer,2 Locations,Posted 2 Days Ago,https://nvidia.wd5.myworkdayjobs.com/en-US/NVIDIAExternalCareerSite/job/US-MA-Westford/Senior-Physical-Design-Engineer_JR1986458
"Senior Software Engineer, Bare Metal Automation - DGX Cloud",5 Locations,Posted 2 Days Ago,https://nvidia.wd5.myworkdayjobs.com/en-US/NVIDIAExternalCareerSite/job/US-CA-Santa-Clara/Senior-Software-Engineer--Bare-Metal-Automation---DGX-Cloud_JR1990027
"Senior Software Engineer, Kubernetes - DGX Cloud",3 Locations,Posted 2 Days Ago,https://nvidia.wd5.myworkdayjobs.com/en-US/NVIDIAExternalCareerSite/job/US-CA-Santa-Clara/Senior-Software-Engineer--Kubernetes---DGX-Cloud_JR1989230-1
Senior ASIC Verification Engineer,"China, Shanghai",Posted 2 Days Ago,https://nvidia.wd5.myworkdayjobs.com/en-US/NVIDIAExternalCareerSite/job/China-Shanghai/Senior-ASIC-Verification-Engineer_JR1988096
"Senior Library Acceleration Engineer, RAPIDS",6 Locations,Posted 3 Days Ago,https://nvidia.wd5.myworkdayjobs.com/en-US/NVIDIAExternalCareerSite/job/US-NY-Remote/Senior-Library-Acceleration-Engineer--RAPIDS_JR1990232
Security Firmware Engineer – Data Center Systems,2 Locations,Posted 3 Days Ago,https://nvidia.wd5.myworkdayjobs.com/en-US/NVIDIAExternalCareerSite/job/US-CA-Santa-Clara/Security-Firmware-Engineer---Data-Center-Systems_JR1989402
"Senior Platform Software Engineer, AI Server - GPU",2 Locations,Posted 3 Days Ago,https://nvidia.wd5.myworkdayjobs.com/en-US/NVIDIAExternalCareerSite/job/US-CA-Santa-Clara/Senior-Platform-Software-Engineer--AI-Server---GPU_JR1980965
"Senior AI and ML Infra Engineer, Research Clusters",5 Locations,Posted 3 Days Ago,https://nvidia.wd5.myworkdayjobs.com/en-US/NVIDIAExternalCareerSite/job/US-CA-Santa-Clara/Senior-AI-and-ML-Infra-Engineer--Research-Clusters_JR1982920-1
Principal Infrastructure SRE - Storage,"US, CA, Santa Clara",Posted 3 Days Ago,https://nvidia.wd5.myworkdayjobs.com/en-US/NVIDIAExternalCareerSite/job/US-CA-Santa-Clara/Principal-Infrastructure-SRE_JR1990041-1
Senior Product Manager - Go-to-market Team,"US, CA, Santa Clara",Posted 3 Days Ago,https://nvidia.wd5.myworkdayjobs.com/en-US/NVIDIAExternalCareerSite/job/US-CA-Santa-Clara/Senior-Product-Manager---Go-to-market-Team_JR1982874
"Senior AI Software Engineer, GenAI Framework",6 Locations,Posted 3 Days Ago,https://nvidia.wd5.myworkdayjobs.com/en-US/NVIDIAExternalCareerSite/job/US-CA-Santa-Clara/Senior-AI-Software-Engineer--GenAI-Framework_JR1986203
Senior Software Engineer - DGX Cloud,4 Locations,Posted 3 Days Ago,https://nvidia.wd5.myworkdayjobs.com/en-US/NVIDIAExternalCareerSite/job/US-CA-Santa-Clara/Senior-Software-Engineer---DGX-Cloud_JR1986846
Principal Infrastructure SRE - Compute,2 Locations,Posted 3 Days Ago,https://nvidia.wd5.myworkdayjobs.com/en-US/NVIDIAExternalCareerSite/job/US-CA-Santa-Clara/Principal-Infrastructure-SRE---Compute-Service_JR1982392-1
"Research Scientist, Fundamental Generative AI - New College Grad 2025","US, CA, Santa Clara",Posted 3 Days Ago,https://nvidia.wd5.myworkdayjobs.com/en-US/NVIDIAExternalCareerSite/job/US-CA-Santa-Clara/Research-Scientist--Fundamental-Generative-AI---New-College-Grad-2025_JR1990295
Senior Analog Layout Engineering - Networking,2 Locations,Posted 3 Days Ago,https://nvidia.wd5.myworkdayjobs.com/en-US/NVIDIAExternalCareerSite/job/Belgium-Remote/Senior-Analog-Layout-Engineering---Networking_JR1988383
Automotive DriveOS Software Architect,"Canada, Remote",Posted 3 Days Ago,https://nvidia.wd5.myworkdayjobs.com/en-US/NVIDIAExternalCareerSite/job/Canada-Remote/Automotive-DriveOS-Software-Architect_JR1990392
ASIC Verification Engineer - New College Grad 2025,"US, CA, Santa Clara",Posted 3 Days Ago,https://nvidia.wd5.myworkdayjobs.com/en-US/NVIDIAExternalCareerSite/job/US-CA-Santa-Clara/ASIC-Verification-Engineer---New-College-Grad-2025_JR1990180
Site Reliability Engineer - GPU Cloud,"India, Bengaluru",Posted 2 Days Ago,https://nvidia.wd5.myworkdayjobs.com/en-US/NVIDIAExternalCareerSite/job/India-Bengaluru/Site-Reliability-Engineer---GPU-Cloud_JR1988791
Senior Site Reliability Engineer - GPU Cloud,"India, Bengaluru",Posted 2 Days Ago,https://nvidia.wd5.myworkdayjobs.com/en-US/NVIDIAExternalCareerSite/job/India-Bengaluru/Senior-Site-Reliability-Engineer---GPU-Cloud_JR1988781
ASIC Design Efficiency Engineer - New College Grad 2025,"US, CA, Santa Clara",Posted 3 Days Ago,https://nvidia.wd5.myworkdayjobs.com/en-US/NVIDIAExternalCareerSite/job/US-CA-Santa-Clara/ASIC-Design-Efficiency-Engineer---New-College-Grad-2025_JR1990204-1
"Senior Systems Software Engineer, Containers and Kubernetes",2 Locations,Posted 3 Days Ago,https://nvidia.wd5.myworkdayjobs.com/en-US/NVIDIAExternalCareerSite/job/US-CA-Santa-Clara/Senior-Systems-Software-Engineer--Containers-and-Kubernetes_JR1988923
Software Security Engineer,"Israel, Yokneam",Posted 3 Days Ago,https://nvidia.wd5.myworkdayjobs.com/en-US/NVIDIAExternalCareerSite/job/Israel-Yokneam/Software-Security-Engineer_JR1990417
Senior Chip Design Engineer,"Israel, Yokneam",Posted 3 Days Ago,https://nvidia.wd5.myworkdayjobs.com/en-US/NVIDIAExternalCareerSite/job/Israel-Yokneam/Senior-Chip-Design-Engineer_JR1990422
"Senior Physical Design Methodology Engineer, PPA Improvement Technology Scaling",2 Locations,Posted 3 Days Ago,https://nvidia.wd5.myworkdayjobs.com/en-US/NVIDIAExternalCareerSite/job/US-CA-Santa-Clara/Senior-Physical-Design-Methodology-Engineer--PPA-Improvement-Technology-Scaling_JR1990212-1
"Senior Technical Program Manager, BioNeMo","US, CA, Santa Clara",Posted 3 Days Ago,https://nvidia.wd5.myworkdayjobs.com/en-US/NVIDIAExternalCareerSite/job/US-CA-Santa-Clara/Senior-Technical-Program-Manager--BioNeMo_JR1989974
"Product Management Intern, RTX AI Workstation - Summer 2025","US, CA, Santa Clara",Posted 3 Days Ago,https://nvidia.wd5.myworkdayjobs.com/en-US/NVIDIAExternalCareerSite/job/US-CA-Santa-Clara/Product-Management-Intern--RTX-AI-Workstation---Summer-2025_JR1990372
"Product Marketing Intern, Data Centers - Summer 2025","US, CA, Santa Clara",Posted 3 Days Ago,https://nvidia.wd5.myworkdayjobs.com/en-US/NVIDIAExternalCareerSite/job/US-CA-Santa-Clara/Product-Marketing-Intern--Data-Centers---Summer-2025_JR1990373
"Product Marketing Manager Intern, Workstations - Summer 2025","US, CA, Santa Clara",Posted 3 Days Ago,https://nvidia.wd5.myworkdayjobs.com/en-US/NVIDIAExternalCareerSite/job/US-CA-Santa-Clara/Product-Marketing-Manager-Intern--Workstations---Summer-2025_JR1990376
Senior ASIC Verification and Infrastructure Engineer – GPU,2 Locations,Posted 3 Days Ago,https://nvidia.wd5.myworkdayjobs.com/en-US/NVIDIAExternalCareerSite/job/US-CA-Santa-Clara/Senior-ASIC-Verification-and-Infrastructure-Engineer---GPU_JR1981982
Hardware Engineering Mgr,"US, CA, Santa Clara",Posted 3 Days Ago,https://nvidia.wd5.myworkdayjobs.com/en-US/NVIDIAExternalCareerSite/job/US-CA-Santa-Clara/Hardware-Engineering-Mgr_JR1990529
"Software Engineer, Engineering Productivity","US, CA, Santa Clara",Posted 3 Days Ago,https://nvidia.wd5.myworkdayjobs.com/en-US/NVIDIAExternalCareerSite/job/US-CA-Santa-Clara/Software-Engineer--Engineering-Productivity_JR1990240
Senior Network Storage Engineer,4 Locations,Posted 3 Days Ago,https://nvidia.wd5.myworkdayjobs.com/en-US/NVIDIAExternalCareerSite/job/US-CA-Remote/Senior-Network-Storage-Engineer_JR1989251
"Senior Solutions Architect, Infiniband and Ethernet Networking  - NVIS","Canada, Remote",Posted 3 Days Ago,https://nvidia.wd5.myworkdayjobs.com/en-US/NVIDIAExternalCareerSite/job/Canada-Remote/Senior-Solutions-Architect--Infiniband-and-Ethernet-Networking----NVIS_JR1989854
"Senior System Software Engineer, Server Software Toolkit - MGX",2 Locations,Posted 3 Days Ago,https://nvidia.wd5.myworkdayjobs.com/en-US/NVIDIAExternalCareerSite/job/US-CA-Santa-Clara/Senior-Software-Engineer---Server-Software-ODM-and-OEM-Architecture_JR1975748
Corporate Development Manager,"US, CA, Santa Clara",Posted 3 Days Ago,https://nvidia.wd5.myworkdayjobs.com/en-US/NVIDIAExternalCareerSite/job/US-CA-Santa-Clara/Corporate-Development-Manager_JR1976411-1
Senior SWQA Test Development Engineer,"Romania, Iasi",Posted 3 Days Ago,https://nvidia.wd5.myworkdayjobs.com/en-US/NVIDIAExternalCareerSite/job/Romania-Iasi/Senior-SWQA-Test-Development-Engineer_JR1987262
Switch System Validation Engineer,3 Locations,Posted 3 Days Ago,https://nvidia.wd5.myworkdayjobs.com/en-US/NVIDIAExternalCareerSite/job/Israel-Tel-Aviv/Switch-System-Validation-Engineer_JR1989552
Chip Design Verification Engineer,"Israel, Yokneam",Posted 3 Days Ago,https://nvidia.wd5.myworkdayjobs.com/en-US/NVIDIAExternalCareerSite/job/Israel-Yokneam/Chip-Design-Verification-Engineer_JR1990077
EMC Engineer,"China, Shenzhen",Posted 3 Days Ago,https://nvidia.wd5.myworkdayjobs.com/en-US/NVIDIAExternalCareerSite/job/China-Shenzhen/EMC-Engineer_JR1989629
Mixed Signal Circuit Designer Intern,2 Locations,Posted 3 Days Ago,https://nvidia.wd5.myworkdayjobs.com/en-US/NVIDIAExternalCareerSite/job/Taiwan-Hsinchu/Mixed-Signal-Circuit-Designer-Intern_JR1989890
Mixed Signal Design Engineer (RDSS Intern),2 Locations,Posted 3 Days Ago,https://nvidia.wd5.myworkdayjobs.com/en-US/NVIDIAExternalCareerSite/job/Taiwan-Hsinchu/Mixed-Signal-Design-Engineer--RDSS-Intern-_JR1989889
"Software Engineer, CAD DFT (RDSS Intern)",2 Locations,Posted 3 Days Ago,https://nvidia.wd5.myworkdayjobs.com/en-US/NVIDIAExternalCareerSite/job/Taiwan-Hsinchu/Software-Engineer--CAD-DFT--RDSS-Intern-_JR1990267-1
System Software Application Engineer,"Taiwan, Taipei",Posted 3 Days Ago,https://nvidia.wd5.myworkdayjobs.com/en-US/NVIDIAExternalCareerSite/job/Taiwan-Taipei/System-Software-Application-Engineer_JR1990075
EMC Engineer,"China, Shenzhen",Posted 3 Days Ago,https://nvidia.wd5.myworkdayjobs.com/en-US/NVIDIAExternalCareerSite/job/China-Shenzhen/EMC-Engineer_JR1989534
Senior Technical Program Manager,"China, Shanghai",Posted 3 Days Ago,https://nvidia.wd5.myworkdayjobs.com/en-US/NVIDIAExternalCareerSite/job/China-Shanghai/Senior-Technical-Program-Manager_JR1990246
"Software Engineer Intern, Perception - Autonomous Vehicles - 2025","China, Shanghai",Posted 3 Days Ago,https://nvidia.wd5.myworkdayjobs.com/en-US/NVIDIAExternalCareerSite/job/China-Shanghai/Software-Engineer-Intern--Perception---Autonomous-Vehicles---2025_JR1990261
Senior Post-Silicon Validation Infrastructure Software Design Engineer,"China, Shanghai",Posted 3 Days Ago,https://nvidia.wd5.myworkdayjobs.com/en-US/NVIDIAExternalCareerSite/job/China-Shanghai/Senior-Post-Silicon-Validation-Infrastructure-Software-Design-Engineer_JR1990194
Senior Cloud Native Engineer,"Germany, Remote",Posted 3 Days Ago,https://nvidia.wd5.myworkdayjobs.com/en-US/NVIDIAExternalCareerSite/job/Germany-Remote/Senior-Cloud-Native-Engineer_JR1986831
"Software Infrastructure Engineering Intern, Autonomous Vehicles - 2025","Finland, Helsinki",Posted 3 Days Ago,https://nvidia.wd5.myworkdayjobs.com/en-US/NVIDIAExternalCareerSite/job/Finland-Helsinki/Software-Infrastructure-Engineering-Intern--Autonomous-Vehicles---2025_JR1989542
Chip Design Engineer,"Israel, Tel Aviv",Posted 3 Days Ago,https://nvidia.wd5.myworkdayjobs.com/en-US/NVIDIAExternalCareerSite/job/Israel-Tel-Aviv/Chip-Design-Engineer_JR1981932
Senior Chip Design Verification Engineer,"Israel, Tel Aviv",Posted 3 Days Ago,https://nvidia.wd5.myworkdayjobs.com/en-US/NVIDIAExternalCareerSite/job/Israel-Tel-Aviv/Senior-Chip-Design-Verification-Engineer_JR1984738-1
Senior Kubernetes Software Engineer,2 Locations,Posted 3 Days Ago,https://nvidia.wd5.myworkdayjobs.com/en-US/NVIDIAExternalCareerSite/job/Israel-Raanana/Senior-Kubernetes-Software-Engineer_JR1984979-1
"Senior Physical Design Methodology Engineer, Innovus Flows",2 Locations,Posted 3 Days Ago,https://nvidia.wd5.myworkdayjobs.com/en-US/NVIDIAExternalCareerSite/job/US-CA-Santa-Clara/Senior-Physical-Design-Methodology-Engineer--Innovus-Flows_JR1990093
"Senior Physical Design Methodology Engineer, PPA Fusion Compiler",3 Locations,Posted 3 Days Ago,https://nvidia.wd5.myworkdayjobs.com/en-US/NVIDIAExternalCareerSite/job/US-CA-Santa-Clara/Senior-Physical-Design-Methodology-Engineer--PPA-Fusion-Compiler_JR1990209
Senior Technical Program Manager - GPU Clusters,2 Locations,Posted 3 Days Ago,https://nvidia.wd5.myworkdayjobs.com/en-US/NVIDIAExternalCareerSite/job/US-CA-Santa-Clara/Senior-Technical-Program-Manager---GPU-Clusters_JR1990181
Senior Memory Post Silicon Qualification Engineer,"US, CA, Santa Clara",Posted 3 Days Ago,https://nvidia.wd5.myworkdayjobs.com/en-US/NVIDIAExternalCareerSite/job/US-CA-Santa-Clara/Senior-Memory-Post-Silicon-Qualification-Engineer_JR1990121
Senior Power Integrity Engineer,"US, CA, Santa Clara",Posted 3 Days Ago,https://nvidia.wd5.myworkdayjobs.com/en-US/NVIDIAExternalCareerSite/job/US-CA-Santa-Clara/Senior-Power-Integrity-Engineer_JR1990247
"Senior FinOps Engineer, Cloud Cost Management","US, CA, Santa Clara",Posted 3 Days Ago,https://nvidia.wd5.myworkdayjobs.com/en-US/NVIDIAExternalCareerSite/job/US-CA-Santa-Clara/Senior-FinOps-Engineer--Cloud-Cost-Management_JR1989951
Senior SWQA Test Development Engineer - DGX Cloud,"China, Shanghai",Posted 3 Days Ago,https://nvidia.wd5.myworkdayjobs.com/en-US/NVIDIAExternalCareerSite/job/China-Shanghai/Senior-SWQA-Test-Development-Engineer---DGX-Cloud_JR1987240
Senior System Software Engineer Platform - OpenBMC,2 Locations,Posted 4 Days Ago,https://nvidia.wd5.myworkdayjobs.com/en-US/NVIDIAExternalCareerSite/job/US-CA-Santa-Clara/Senior-System-Software-Engineer-Platform---OpenBMC_JR1975144
"Senior Software Engineer, Reliability and Operational Excellence - DGX Cloud",2 Locations,Posted 4 Days Ago,https://nvidia.wd5.myworkdayjobs.com/en-US/NVIDIAExternalCareerSite/job/US-CA-Santa-Clara/Senior-Software-Engineer--Reliability-and-Operational-Excellence---DGX-Cloud_JR1988333
"Senior Product Architect, Cloud Native",2 Locations,Posted 4 Days Ago,https://nvidia.wd5.myworkdayjobs.com/en-US/NVIDIAExternalCareerSite/job/US-CA-Santa-Clara/Senior-Technical-Project-Manager_JR1988565
Senior Product Manager – AI Networking Orchestration,"US, CA, Santa Clara",Posted 4 Days Ago,https://nvidia.wd5.myworkdayjobs.com/en-US/NVIDIAExternalCareerSite/job/US-CA-Santa-Clara/Senior-Product-Manager---AI-Networking-Orchestration_JR1983214-1
"Manager, Tegra & Product Diag TPM","US, CA, Santa Clara",Posted 4 Days Ago,https://nvidia.wd5.myworkdayjobs.com/en-US/NVIDIAExternalCareerSite/job/US-CA-Santa-Clara/Manager--Tegra-Software-Chip_JR1989738
Senior Software Engineer - Robot Learning Platform,"Canada, Toronto",Posted 4 Days Ago,https://nvidia.wd5.myworkdayjobs.com/en-US/NVIDIAExternalCareerSite/job/Canada-Toronto/Senior-Software-Engineer---Robot-Learning-Platform_JR1990347
"Senior Manager, Device and Modeling","US, CA, Santa Clara",Posted 4 Days Ago,https://nvidia.wd5.myworkdayjobs.com/en-US/NVIDIAExternalCareerSite/job/US-CA-Santa-Clara/Senior-Manager--Device-and-Modeling_JR1982369
Software QA Automation Engineer,"Israel, Yokneam",Posted 3 Days Ago,https://nvidia.wd5.myworkdayjobs.com/en-US/NVIDIAExternalCareerSite/job/Israel-Yokneam/Software-QA-Engineer_JR1985059
"Senior System Software Engineer, Distributed Systems - DGX Cloud",3 Locations,Posted 4 Days Ago,https://nvidia.wd5.myworkdayjobs.com/en-US/NVIDIAExternalCareerSite/job/US-CA-Santa-Clara/Senior-System-Software-Engineer--Distributed-Systems---DGX-Cloud_JR1984726
"Senior Technical Program Manager, Cloud Operations","US, CA, Santa Clara",Posted 4 Days Ago,https://nvidia.wd5.myworkdayjobs.com/en-US/NVIDIAExternalCareerSite/job/US-CA-Santa-Clara/Senior-Technical-Program-Manager--Cloud-Operations_JR1988238
Risk Manager,"US, CA, Santa Clara",Posted 4 Days Ago,https://nvidia.wd5.myworkdayjobs.com/en-US/NVIDIAExternalCareerSite/job/US-CA-Santa-Clara/Risk-Manager_JR1989201
System Software Engineer - Power and Performance,"US, CA, Santa Clara",Posted 4 Days Ago,https://nvidia.wd5.myworkdayjobs.com/en-US/NVIDIAExternalCareerSite/job/US-CA-Santa-Clara/System-Software-Engineer---Power-and-Performance_JR1990308-1
Senior Technical Product Architect,4 Locations,Posted 4 Days Ago,https://nvidia.wd5.myworkdayjobs.com/en-US/NVIDIAExternalCareerSite/job/US-CA-Santa-Clara/Technical-Product-Architect_JR1974639
Senior DFT Engineer,"US, CA, Santa Clara",Posted 4 Days Ago,https://nvidia.wd5.myworkdayjobs.com/en-US/NVIDIAExternalCareerSite/job/US-CA-Santa-Clara/Senior-DFT-Engineer_JR1984835
"Data Center System Software Architect, DGX Cloud",4 Locations,Posted 4 Days Ago,https://nvidia.wd5.myworkdayjobs.com/en-US/NVIDIAExternalCareerSite/job/US-CA-Santa-Clara/Data-Center-System-Software-Architect--DGX-Cloud_JR1990388
"System Software Engineer, Python and C/C++ - Deep Learning",2 Locations,Posted 4 Days Ago,https://nvidia.wd5.myworkdayjobs.com/en-US/NVIDIAExternalCareerSite/job/Poland-Warsaw/System-Software-Engineer--Python-and-C-C-----Deep-Learning_JR1980641
Senior GPU Register Database and System Architect,3 Locations,Posted 4 Days Ago,https://nvidia.wd5.myworkdayjobs.com/en-US/NVIDIAExternalCareerSite/job/US-CA-Santa-Clara/Senior-GPU-Register-Database-and-System-Architect_JR1987469
Senior Design for Debug Architect and Methodology Engineer,2 Locations,Posted 4 Days Ago,https://nvidia.wd5.myworkdayjobs.com/en-US/NVIDIAExternalCareerSite/job/US-CA-Santa-Clara/Senior-Design-for-Debug-Architect-and-Methodology-Engineer_JR1987086
"Research Scientist Intern, Simulation Technology - 2025","Canada, Toronto",Posted 4 Days Ago,https://nvidia.wd5.myworkdayjobs.com/en-US/NVIDIAExternalCareerSite/job/Canada-Toronto/Research-Scientist-Intern--Simulation-Technology---2025_JR1990040
"Senior Research Scientist, Efficient Deep Learning","US, CA, Santa Clara",Posted 4 Days Ago,https://nvidia.wd5.myworkdayjobs.com/en-US/NVIDIAExternalCareerSite/job/US-CA-Santa-Clara/Senior-Research-Scientist--Efficient-Deep-Learning_JR1990332
Network Modeling Architecture Student,2 Locations,Posted 4 Days Ago,https://nvidia.wd5.myworkdayjobs.com/en-US/NVIDIAExternalCareerSite/job/Israel-Yokneam/Network-Modeling-Architecture-Student_JR1989243
Senior Mask Design Engineer - Hardware,"US, CA, Santa Clara",Posted 4 Days Ago,https://nvidia.wd5.myworkdayjobs.com/en-US/NVIDIAExternalCareerSite/job/US-CA-Santa-Clara/Senior-Mask-Design-Engineer---Hardware_JR1984420
Principal Distributed Filesystem Architect,2 Locations,Posted 4 Days Ago,https://nvidia.wd5.myworkdayjobs.com/en-US/NVIDIAExternalCareerSite/job/US-CA-Santa-Clara/Principal-Distributed-Filesystem-Architect_JR1990116
"Creative Director, Global Events","US, CA, Santa Clara",Posted 4 Days Ago,https://nvidia.wd5.myworkdayjobs.com/en-US/NVIDIAExternalCareerSite/job/US-CA-Santa-Clara/Creative-Director--Global-Events_JR1989770
"Technical Editor, Developer Programs","US, CA, Santa Clara",Posted 4 Days Ago,https://nvidia.wd5.myworkdayjobs.com/en-US/NVIDIAExternalCareerSite/job/US-CA-Santa-Clara/Technical-Editor--Developer-Programs_JR1989866
Senior Reliability Product Engineer,"Israel, Yokneam",Posted 4 Days Ago,https://nvidia.wd5.myworkdayjobs.com/en-US/NVIDIAExternalCareerSite/job/Israel-Yokneam/Senior-Reliability-Product-Engineer_JR1989395
Senior Physical Design Backend Engineer,2 Locations,Posted 4 Days Ago,https://nvidia.wd5.myworkdayjobs.com/en-US/NVIDIAExternalCareerSite/job/Israel-Tel-Aviv/Senior-Physical-Design-Backend-Engineer_JR1990252
Deep Learning Inference Software Intern - 2025,"China, Shanghai",Posted 3 Days Ago,https://nvidia.wd5.myworkdayjobs.com/en-US/NVIDIAExternalCareerSite/job/China-Shanghai/Deep-Learning-Inference-Software-Intern---2025_JR1989717
Senior Software Test Development Engineer - Nemo LLM,"China, Shanghai",Posted 3 Days Ago,https://nvidia.wd5.myworkdayjobs.com/en-US/NVIDIAExternalCareerSite/job/China-Shanghai/Senior-Software-Test-Development-Engineer---Nemo-LLM_JR1990256
Computer Architecture Intern - 2025,2 Locations,Posted 3 Days Ago,https://nvidia.wd5.myworkdayjobs.com/en-US/NVIDIAExternalCareerSite/job/China-Shanghai/Computer-Architecture-Intern---2025_JR1989718
Compute Architect Intern - 2025,4 Locations,Posted 3 Days Ago,https://nvidia.wd5.myworkdayjobs.com/en-US/NVIDIAExternalCareerSite/job/China-Shanghai/Compute-Architect-Intern---2025_JR1989716
Silicon Validation - Reliability Engineer,"Taiwan, Taipei",Posted 3 Days Ago,https://nvidia.wd5.myworkdayjobs.com/en-US/NVIDIAExternalCareerSite/job/Taiwan-Taipei/Silicon-Validation---Reliability-Engineer_JR1990138
Software Engineering Intern - Autonomous Vehicles,"China, Shanghai",Posted 3 Days Ago,https://nvidia.wd5.myworkdayjobs.com/en-US/NVIDIAExternalCareerSite/job/China-Shanghai/Software-Engineering-Intern---Autonomous-Vehicles_JR1990147
Learning and Development Specialist,2 Locations,Posted 3 Days Ago,https://nvidia.wd5.myworkdayjobs.com/en-US/NVIDIAExternalCareerSite/job/China-Shanghai/Learning-and-Development-Specialist_JR1989975
Silicon Circuit Characterization Engineer,"China, Shanghai",Posted 3 Days Ago,https://nvidia.wd5.myworkdayjobs.com/en-US/NVIDIAExternalCareerSite/job/China-Shanghai/Silicon-Circuit-Characterization-Engineer_JR1990002
System Performance and Power Engineer,"China, Shanghai",Posted 3 Days Ago,https://nvidia.wd5.myworkdayjobs.com/en-US/NVIDIAExternalCareerSite/job/China-Shanghai/System-Performance-and-Power-Engineer_JR1990001
Web Application Software Engineer,"China, Shanghai",Posted 3 Days Ago,https://nvidia.wd5.myworkdayjobs.com/en-US/NVIDIAExternalCareerSite/job/China-Shanghai/Web-Application-Software-Engineer_JR1990011
Software Engineering Intern - Autonomous Vehicles,"China, Shenzhen",Posted 3 Days Ago,https://nvidia.wd5.myworkdayjobs.com/en-US/NVIDIAExternalCareerSite/job/China-Shenzhen/Software-Engineering-Intern---Autonomous-Vehicles_JR1990146
"PhD Research Intern, Design Automation - 2025",3 Locations,Posted 3 Days Ago,https://nvidia.wd5.myworkdayjobs.com/en-US/NVIDIAExternalCareerSite/job/China-Beijing/PhD-Research-Intern--Design-Automation---2025_JR1989879
Senior Software Test Development Engineer – Spark Rapids,"China, Shanghai",Posted 3 Days Ago,https://nvidia.wd5.myworkdayjobs.com/en-US/NVIDIAExternalCareerSite/job/China-Shanghai/Senior-Software-Test-Development-Engineer---Spark-Rapids_JR1990259
"Senior Manager, Project Management - Chip Design","Israel, Tel Aviv",Posted 4 Days Ago,https://nvidia.wd5.myworkdayjobs.com/en-US/NVIDIAExternalCareerSite/job/Israel-Tel-Aviv/Senior-Manager--Project-Management---Chip-Design_JR1990365
"Applied LLM Engineer, AI and Chip Design - New College Grad 2025","US, CA, Santa Clara",Posted 4 Days Ago,https://nvidia.wd5.myworkdayjobs.com/en-US/NVIDIAExternalCareerSite/job/US-CA-Santa-Clara/Applied-LLM-Engineer--AI-and-Chip-Design---New-College-Grad-2025_JR1990205-1
Senior Software Security Compiler Engineer,7 Locations,Posted 4 Days Ago,https://nvidia.wd5.myworkdayjobs.com/en-US/NVIDIAExternalCareerSite/job/US-CA-Santa-Clara/Senior-Software-Security-Compiler-Engineer_JR1990366
Senior Mixed-Signal Design Engineer,"US, CA, Santa Clara",Posted 4 Days Ago,https://nvidia.wd5.myworkdayjobs.com/en-US/NVIDIAExternalCareerSite/job/US-CA-Santa-Clara/Senior-Mixed-Signal-Design-Engineer_JR1988743
Graphics Tools Software Engineer Intern,"China, Shanghai",Posted 3 Days Ago,https://nvidia.wd5.myworkdayjobs.com/en-US/NVIDIAExternalCareerSite/job/China-Shanghai/Graphics-Tools-Software-Engineer-Intern_JR1989173
Senior Firmware Engineer - InfiniBand Switching,"US, CA, Santa Clara",Posted 4 Days Ago,https://nvidia.wd5.myworkdayjobs.com/en-US/NVIDIAExternalCareerSite/job/US-CA-Santa-Clara/Senior-Firmware-Engineer---InfiniBand-Switching_JR1984986
"Research Engineer, Architecture - New College Grad 2025",3 Locations,Posted 4 Days Ago,https://nvidia.wd5.myworkdayjobs.com/en-US/NVIDIAExternalCareerSite/job/US-MA-Westford/Research-Engineer--Architecture---New-College-Grad-2025_JR1989127
"Engineering Manager, Core Platform Software - Autonomous Vehicles","US, CA, Santa Clara",Posted 4 Days Ago,https://nvidia.wd5.myworkdayjobs.com/en-US/NVIDIAExternalCareerSite/job/US-CA-Santa-Clara/Engineering-Manager--Core-Platform-Software---Autonomous-Vehicles_JR1990189
"Principal Solution Engineer, Large Scale ML Profiling Services","US, CA, Santa Clara",Posted 4 Days Ago,https://nvidia.wd5.myworkdayjobs.com/en-US/NVIDIAExternalCareerSite/job/US-CA-Santa-Clara/Principal-Solution-Engineer--Large-Scale-ML-Profiling-Services_JR1990275
"Senior Deep Learning Software Engineer, PyTorch","US, CA, Santa Clara",Posted 4 Days Ago,https://nvidia.wd5.myworkdayjobs.com/en-US/NVIDIAExternalCareerSite/job/US-CA-Santa-Clara/Senior-Deep-Learning-Software-Engineer--PyTorch_JR1985557
Senior HPC Architect,3 Locations,Posted 4 Days Ago,https://nvidia.wd5.myworkdayjobs.com/en-US/NVIDIAExternalCareerSite/job/US-CA-Santa-Clara/Senior-HPC-Architect_JR1986311
Senior Memory Controller Verification Engineer,"US, CA, Santa Clara",Posted 4 Days Ago,https://nvidia.wd5.myworkdayjobs.com/en-US/NVIDIAExternalCareerSite/job/US-CA-Santa-Clara/Senior-Memory-Controller-Verification-Engineer_JR1979522
Senior Software Engineer - Networking,"Israel, Yokneam",Posted 4 Days Ago,https://nvidia.wd5.myworkdayjobs.com/en-US/NVIDIAExternalCareerSite/job/Israel-Yokneam/Senior-Software-Engineer---Networking--SAI_JR1988614-1
"Senior System Software Engineer, Performance - CUDA Driver","US, CA, Santa Clara",Posted 4 Days Ago,https://nvidia.wd5.myworkdayjobs.com/en-US/NVIDIAExternalCareerSite/job/US-CA-Santa-Clara/Senior-System-Software-Engineer---CUDA-Driver_JR1966711
Senior System Software Engineer - GPU and SOC,"Taiwan, Taipei",Posted 4 Days Ago,https://nvidia.wd5.myworkdayjobs.com/en-US/NVIDIAExternalCareerSite/job/Taiwan-Taipei/System-Software-Engineer---GPU-and-SOC_JR1988550
Developer Relations Manager,5 Locations,Posted 4 Days Ago,https://nvidia.wd5.myworkdayjobs.com/en-US/NVIDIAExternalCareerSite/job/India-Bengaluru/Developer-Relations-Manager_JR1988546
Environmental Test Engineer,"Israel, Yokneam",Posted 4 Days Ago,https://nvidia.wd5.myworkdayjobs.com/en-US/NVIDIAExternalCareerSite/job/Israel-Yokneam/Environmental-Test-Engineer_JR1987874
Senior Electro-Optical Systems Engineer,"Israel, Yokneam",Posted 4 Days Ago,https://nvidia.wd5.myworkdayjobs.com/en-US/NVIDIAExternalCareerSite/job/Israel-Yokneam/Senior-Electro-Optical-Systems-Engineer_JR1987652
NVIS Logistics Project Manager,"US, CA, Santa Clara",Posted 4 Days Ago,https://nvidia.wd5.myworkdayjobs.com/en-US/NVIDIAExternalCareerSite/job/US-CA-Santa-Clara/NVIS-Logistics-Project-Manager_JR1990233
Senior Field Applications Engineer - NVIS,"US, CA, Santa Clara",Posted 4 Days Ago,https://nvidia.wd5.myworkdayjobs.com/en-US/NVIDIAExternalCareerSite/job/US-CA-Santa-Clara/Senior-Field-Applications-Engineer---NVIS_JR1990281
"Senior Software Engineer, Infrastructure, Build, and Packaging - RAPIDS",6 Locations,Posted 5 Days Ago,https://nvidia.wd5.myworkdayjobs.com/en-US/NVIDIAExternalCareerSite/job/US-CA-Remote/Senior-Software-Engineer--Infrastructure--Build--and-Packaging---RAPIDS_JR1990227
Tegra System Software Engineer,3 Locations,Posted 5 Days Ago,https://nvidia.wd5.myworkdayjobs.com/en-US/NVIDIAExternalCareerSite/job/US-CA-Santa-Clara/Tegra-System-Software-Engineer_JR1990224
Senior Systems Software Engineer,"US, OR, Hillsboro",Posted 5 Days Ago,https://nvidia.wd5.myworkdayjobs.com/en-US/NVIDIAExternalCareerSite/job/US-OR-Hillsboro/Senior-Systems-Software-Engineer_JR1990393
Senior Systems Software Engineer,"US, OR, Hillsboro",Posted 5 Days Ago,https://nvidia.wd5.myworkdayjobs.com/en-US/NVIDIAExternalCareerSite/job/US-OR-Hillsboro/Senior-Systems-Software-Engineer_JR1990391
Senior Software Engineer - Data Center Rack and Power Management Engineering,2 Locations,Posted 5 Days Ago,https://nvidia.wd5.myworkdayjobs.com/en-US/NVIDIAExternalCareerSite/job/US-CA-Santa-Clara/Senior-Software-Engineer---Data-Center-Rack-and-Power-Management-Engineering_JR1990015
"Research Scientist, Computer Vision Perception and Rendering - New College Grad 2025","US, CA, Santa Clara",Posted 5 Days Ago,https://nvidia.wd5.myworkdayjobs.com/en-US/NVIDIAExternalCareerSite/job/US-CA-Santa-Clara/Research-Scientist--Computer-Vision-and-Deep-Learning---New-College-Grad-2025_JR1990287
Senior HPC Technical Support Engineer – Ethernet,4 Locations,Posted 5 Days Ago,https://nvidia.wd5.myworkdayjobs.com/en-US/NVIDIAExternalCareerSite/job/US-MA-Westford/Senior-HPC-Technical-Support-Engineer---Ethernet_JR1990276
"ASIC Design Engineer, System-ASIC","US, CA, Santa Clara",Posted 5 Days Ago,https://nvidia.wd5.myworkdayjobs.com/en-US/NVIDIAExternalCareerSite/job/US-CA-Santa-Clara/ASIC-Design-Engineer--System-ASIC_JR1976742
Senior Technical Marketing Engineer,2 Locations,Posted 5 Days Ago,https://nvidia.wd5.myworkdayjobs.com/en-US/NVIDIAExternalCareerSite/job/US-CA-Santa-Clara/Senior-Technical-Marketing-Engineer_JR1990214
"Senior GPU Architect, Profiling System","US, CA, Santa Clara",Posted 5 Days Ago,https://nvidia.wd5.myworkdayjobs.com/en-US/NVIDIAExternalCareerSite/job/US-CA-Santa-Clara/Senior-GPU-Architect--Profiling-System_JR1984863
"System Software Engineer, Python and C/C++ - Deep Learning",2 Locations,Posted 5 Days Ago,https://nvidia.wd5.myworkdayjobs.com/en-US/NVIDIAExternalCareerSite/job/Poland-Remote/System-Software-Engineer--Python-and-C-C-----Deep-Learning_JR1989733
Inside Sales Account Manager,"Germany, Munich",Posted 5 Days Ago,https://nvidia.wd5.myworkdayjobs.com/en-US/NVIDIAExternalCareerSite/job/Germany-Munich/Inside-Sales-Account-Manager_JR1989541
Software Engineering Manager - Data Processing Libraries,6 Locations,Posted 5 Days Ago,https://nvidia.wd5.myworkdayjobs.com/en-US/NVIDIAExternalCareerSite/job/Poland-Warsaw/Software-Engineering-Manager---Data-Processing-Libraries_JR1989267
Senior Field Application Engineer,2 Locations,Posted 5 Days Ago,https://nvidia.wd5.myworkdayjobs.com/en-US/NVIDIAExternalCareerSite/job/US-CA-Santa-Clara/Senior-Field-Application-Engineer_JR1990197
Senior ATE Test Development Engineer,2 Locations,Posted 5 Days Ago,https://nvidia.wd5.myworkdayjobs.com/en-US/NVIDIAExternalCareerSite/job/US-TX-Austin/Senior-ATE-Test-Development-Engineer_JR1989802
Senior Revenue Data Analyst,"US, CA, Santa Clara",Posted 5 Days Ago,https://nvidia.wd5.myworkdayjobs.com/en-US/NVIDIAExternalCareerSite/job/US-CA-Santa-Clara/Senior-Revenue-Data-Analyst_JR1988416
"Senior Software Engineer, LLM",5 Locations,Posted 5 Days Ago,https://nvidia.wd5.myworkdayjobs.com/en-US/NVIDIAExternalCareerSite/job/US-CA-Santa-Clara/Senior-Software-Engineer--LLM_JR1990200
Verification Engineer - Memory Subsystem,"India, Bengaluru",Posted 5 Days Ago,https://nvidia.wd5.myworkdayjobs.com/en-US/NVIDIAExternalCareerSite/job/India-Bengaluru/Verification-Engineer---Memory-Subsystem_JR1990029-1
Formal Verification Engineer,"Israel, Yokneam",Posted 5 Days Ago,https://nvidia.wd5.myworkdayjobs.com/en-US/NVIDIAExternalCareerSite/job/Israel-Yokneam/Formal-Verification-Engineer_JR1987671
"ASIC Verification Engineer, GPU - New College Grad 2025",3 Locations,Posted 5 Days Ago,https://nvidia.wd5.myworkdayjobs.com/en-US/NVIDIAExternalCareerSite/job/US-CA-Santa-Clara/ASIC-Verification-Engineer--GPU---New-College-Grad-2025_JR1990169
Senior Architect - GPU Modelling,"India, Hyderabad",Posted 5 Days Ago,https://nvidia.wd5.myworkdayjobs.com/en-US/NVIDIAExternalCareerSite/job/India-Hyderabad/Senior-Architect---GPU-Modelling_JR1980929
Senior ASIC Verification Engineer,"US, TX, Austin",Posted 5 Days Ago,https://nvidia.wd5.myworkdayjobs.com/en-US/NVIDIAExternalCareerSite/job/US-TX-Austin/ASIC-Verification-Engineer_JR1975576
"Software Engineer, DOCA",2 Locations,Posted 5 Days Ago,https://nvidia.wd5.myworkdayjobs.com/en-US/NVIDIAExternalCareerSite/job/Israel-Beer-Sheva/Software-Engineer--DOCA_JR1988104
Senior Software Engineer - RDMA and Doca,"China, Beijing",Posted 5 Days Ago,https://nvidia.wd5.myworkdayjobs.com/en-US/NVIDIAExternalCareerSite/job/China-Beijing/Senior-Software-Engineer---RDMA-and-Doca_JR1985046
"Manager, Product Management and Configuration",2 Locations,Posted 5 Days Ago,https://nvidia.wd5.myworkdayjobs.com/en-US/NVIDIAExternalCareerSite/job/Israel-Tel-Aviv/Manager--Product-Management-and-Configuration_JR1989531-1
Senior Hardware Architect,"Israel, Tel Aviv",Posted 5 Days Ago,https://nvidia.wd5.myworkdayjobs.com/en-US/NVIDIAExternalCareerSite/job/Israel-Tel-Aviv/Senior-Hardware-Architect_JR1990271
"Senior System Networking Engineer, InfiniBand","Israel, Yokneam",Posted 5 Days Ago,https://nvidia.wd5.myworkdayjobs.com/en-US/NVIDIAExternalCareerSite/job/Israel-Yokneam/Senior-Networking-Engineer--Next-Generation-InfiniBand_JR1989918
Senior Firmware Developer and Supporter,"US, CA, Santa Clara",Posted 5 Days Ago,https://nvidia.wd5.myworkdayjobs.com/en-US/NVIDIAExternalCareerSite/job/US-CA-Santa-Clara/Senior-Firmware-Developer-and-Supporter_JR1990021
"Senior ASIC Engineer, High-speed and Lasers Post-silicon Verification","Israel, Yokneam",Posted 5 Days Ago,https://nvidia.wd5.myworkdayjobs.com/en-US/NVIDIAExternalCareerSite/job/Israel-Yokneam/Senior-ASIC-Engineer--High-speed-and-Lasers-Post-silicon-Verification_JR1983993
Software Intern - Autonomous Vehicles,2 Locations,Posted 5 Days Ago,https://nvidia.wd5.myworkdayjobs.com/en-US/NVIDIAExternalCareerSite/job/China-Shenzhen/Software-Intern---Autonomous-Vehicles_JR1978798
"DFT Engineer, ATPG",3 Locations,Posted 5 Days Ago,https://nvidia.wd5.myworkdayjobs.com/en-US/NVIDIAExternalCareerSite/job/Israel-Tel-Aviv/DFT-Engineer--ATPG_JR1981158
"Senior Manager, Software - Hypervisor and RTOS Team","US, CA, Santa Clara",Posted 5 Days Ago,https://nvidia.wd5.myworkdayjobs.com/en-US/NVIDIAExternalCareerSite/job/US-CA-Santa-Clara/Senior-Manager--Software---Hypervisor-and-RTOS-Team_JR1990216
"AI Computing Software Engineering Intern, TensorRT",2 Locations,Posted 5 Days Ago,https://nvidia.wd5.myworkdayjobs.com/en-US/NVIDIAExternalCareerSite/job/Taiwan-Taipei/AI-Computing-Software-Engineering-Intern--TensorRT_JR1989721
Senior System Software Engineer - Power and Performance,5 Locations,Posted 5 Days Ago,https://nvidia.wd5.myworkdayjobs.com/en-US/NVIDIAExternalCareerSite/job/US-CA-Santa-Clara/Senior-System-Software-Engineer---Power-and-Performance_JR1990288
Software Tools Automation Engineer,"US, CA, Santa Clara",Posted 5 Days Ago,https://nvidia.wd5.myworkdayjobs.com/en-US/NVIDIAExternalCareerSite/job/US-CA-Santa-Clara/Software-Tools-Automation-Engineer_JR1990149
Software QA Test Developer - Automotive,2 Locations,Posted 5 Days Ago,https://nvidia.wd5.myworkdayjobs.com/en-US/NVIDIAExternalCareerSite/job/India-Hyderabad/Software-QA-Test-Developer---Automotive_JR1989899
"System SW, Engineering Manager",2 Locations,Posted 5 Days Ago,https://nvidia.wd5.myworkdayjobs.com/en-US/NVIDIAExternalCareerSite/job/India-Hyderabad/System-SW--Engineering-Manager_JR1990140-1
Architecture Energy Modeling Engineer,"China, Shanghai",Posted 5 Days Ago,https://nvidia.wd5.myworkdayjobs.com/en-US/NVIDIAExternalCareerSite/job/China-Shanghai/Architecture-Energy-Modeling-Engineer_JR1985584-1
Data System Analyst,"Taiwan, Hsinchu",Posted 5 Days Ago,https://nvidia.wd5.myworkdayjobs.com/en-US/NVIDIAExternalCareerSite/job/Taiwan-Hsinchu/Data-System-Analyst_JR1982543
Senior Cloud Infrastructure Development Engineer,3 Locations,Posted 5 Days Ago,https://nvidia.wd5.myworkdayjobs.com/en-US/NVIDIAExternalCareerSite/job/US-CA-Santa-Clara/Senior-Cloud-Infrastructure-Development-Engineer_JR1988704
Senior DevOps Engineer,"US, CA, Santa Clara",Posted 5 Days Ago,https://nvidia.wd5.myworkdayjobs.com/en-US/NVIDIAExternalCareerSite/job/US-CA-Santa-Clara/Senior-DevOps-Engineer_JR1988710-1
"Director, Software Engineering - NIM Factory","US, CA, Santa Clara",Posted 6 Days Ago,https://nvidia.wd5.myworkdayjobs.com/en-US/NVIDIAExternalCareerSite/job/US-CA-Santa-Clara/Director--Software-Engineering---NIM-Factory_JR1988731
"Senior System Software Engineer, CUDA Driver for Windows",3 Locations,Posted 6 Days Ago,https://nvidia.wd5.myworkdayjobs.com/en-US/NVIDIAExternalCareerSite/job/US-CA-Santa-Clara/Senior-Software-Engineer--Distributed-Task-based-Runtimes_JR1980522
Simulation Architect - Autonomous Vehicles Platform,"US, CA, Santa Clara",Posted 6 Days Ago,https://nvidia.wd5.myworkdayjobs.com/en-US/NVIDIAExternalCareerSite/job/US-CA-Santa-Clara/Simulation-Architect---Autonomous-Vehicles-Platform_JR1985030
"Senior Systems Software Engineer, CUDA Driver",6 Locations,Posted 6 Days Ago,https://nvidia.wd5.myworkdayjobs.com/en-US/NVIDIAExternalCareerSite/job/US-CA-Santa-Clara/Senior-Systems-Software-Engineer--CUDA-Driver_JR1988813
Senior Datacenter Systems Engineer,2 Locations,Posted 6 Days Ago,https://nvidia.wd5.myworkdayjobs.com/en-US/NVIDIAExternalCareerSite/job/US-CA-Santa-Clara/Senior-Datacenter-Systems-Engineer_JR1990242
Senior Account Manager - State and Local Government,3 Locations,Posted 6 Days Ago,https://nvidia.wd5.myworkdayjobs.com/en-US/NVIDIAExternalCareerSite/job/US-CA-Remote/Senior-Account-Manager---State-and-Local-Government_JR1988679
Senior Technical Program Manager - Datacenter Compute Server Accelerators,2 Locations,Posted 6 Days Ago,https://nvidia.wd5.myworkdayjobs.com/en-US/NVIDIAExternalCareerSite/job/US-CA-Santa-Clara/Senior-Software-Program-Manager---Datacenter-Compute-Server-Accelerators_JR1988403
Senior System Software Engineer - Cloud Infrastructure,2 Locations,Posted 6 Days Ago,https://nvidia.wd5.myworkdayjobs.com/en-US/NVIDIAExternalCareerSite/job/Poland-Remote/Senior-System-Software-Engineer---Cloud-Infrastructure_JR1989789-1
Senior Site Reliability Engineer - AI Research Clusters,5 Locations,Posted 6 Days Ago,https://nvidia.wd5.myworkdayjobs.com/en-US/NVIDIAExternalCareerSite/job/US-CA-Santa-Clara/Senior-Site-Reliability-Engineer---Internal-AI-Research-Clusters_JR1987539
"Research Scientist, Efficient Deep Learning - New College Grad 2025","US, CA, Santa Clara",Posted 6 Days Ago,https://nvidia.wd5.myworkdayjobs.com/en-US/NVIDIAExternalCareerSite/job/US-CA-Santa-Clara/Research-Scientist--Efficient-Deep-Learning---New-College-Grad-2025_JR1990047
"Senior Solutions Architect, Global Partner Team","US, CA, Santa Clara",Posted 6 Days Ago,https://nvidia.wd5.myworkdayjobs.com/en-US/NVIDIAExternalCareerSite/job/US-CA-Santa-Clara/Senior-Solutions-Architect--Global-Partner-Team_JR1990221
"Research Scientist, Digital Humans - New College Grad 2025","US, CA, Santa Clara",Posted 6 Days Ago,https://nvidia.wd5.myworkdayjobs.com/en-US/NVIDIAExternalCareerSite/job/US-CA-Santa-Clara/Research-Scientist--Digital-Humans---New-College-Grad-2025_JR1990211
"Senior Solutions Architect, Global Partner Team","US, CA, Santa Clara",Posted 6 Days Ago,https://nvidia.wd5.myworkdayjobs.com/en-US/NVIDIAExternalCareerSite/job/US-CA-Santa-Clara/Senior-Solutions-Architect--Global-Partner-Team_JR1990222
"Senior Software Architect, AI and HPC",5 Locations,Posted 6 Days Ago,https://nvidia.wd5.myworkdayjobs.com/en-US/NVIDIAExternalCareerSite/job/US-CA-Santa-Clara/Senior-Software-Architect--AI-and-HPC_JR1976616-1
Senior ASIC Front End Infrastructure Engineer,3 Locations,Posted 6 Days Ago,https://nvidia.wd5.myworkdayjobs.com/en-US/NVIDIAExternalCareerSite/job/US-CA-Santa-Clara/Senior-ASIC-Front-End-Infrastructure-Engineer_JR1965423
Senior ASIC Verification Engineer - GPU,2 Locations,Posted 6 Days Ago,https://nvidia.wd5.myworkdayjobs.com/en-US/NVIDIAExternalCareerSite/job/US-CA-Santa-Clara/Senior-ASIC-Verification-Engineer---GPU_JR1961386-1
"Senior System Software Engineer, Scalable ML Profiling Services","US, CA, Santa Clara",Posted 6 Days Ago,https://nvidia.wd5.myworkdayjobs.com/en-US/NVIDIAExternalCareerSite/job/US-CA-Santa-Clara/Senior-System-Software-Engineer--Scalable-ML-Profiling-Services_JR1990217
Senior Drug Discovery AI Applied Scientist,4 Locations,Posted 6 Days Ago,https://nvidia.wd5.myworkdayjobs.com/en-US/NVIDIAExternalCareerSite/job/US-CA-Santa-Clara/Senior-Drug-Discovery-AI-Applied-Scientist_JR1990124
"Research Scientist, Design Automation - New College Grad 2025",2 Locations,Posted 6 Days Ago,https://nvidia.wd5.myworkdayjobs.com/en-US/NVIDIAExternalCareerSite/job/US-TX-Austin/Research-Scientist--Design-Automation---New-College-Grad-2025_JR1989394-1
"Senior Solution Architect, HPC and AI - NVIS","Canada, Remote",Posted 6 Days Ago,https://nvidia.wd5.myworkdayjobs.com/en-US/NVIDIAExternalCareerSite/job/Canada-Remote/Senior-Solution-Architect--HPC-and-AI---NVIS_JR1989211
Product Quality Engineer,"US, CA, Santa Clara",Posted 6 Days Ago,https://nvidia.wd5.myworkdayjobs.com/en-US/NVIDIAExternalCareerSite/job/US-CA-Santa-Clara/Product-Quality-Engineer_JR1990128
Senior PCBA Factory Quality Engineer,"US, CA, Santa Clara",Posted 6 Days Ago,https://nvidia.wd5.myworkdayjobs.com/en-US/NVIDIAExternalCareerSite/job/US-CA-Santa-Clara/Senior-PCBA-Factory-Quality-Engineer_JR1989627-1
Channel Software Sales Specialist,"US, CA, Santa Clara",Posted 6 Days Ago,https://nvidia.wd5.myworkdayjobs.com/en-US/NVIDIAExternalCareerSite/job/US-CA-Santa-Clara/Channel-Software-Sales-Specialist_JR1989548
Channel Software Sales Specialist,2 Locations,Posted 6 Days Ago,https://nvidia.wd5.myworkdayjobs.com/en-US/NVIDIAExternalCareerSite/job/US-CA-Santa-Clara/Channel-Software-Sales-Specialist_JR1989551
Senior Account Manager - BioPharma,4 Locations,Posted 6 Days Ago,https://nvidia.wd5.myworkdayjobs.com/en-US/NVIDIAExternalCareerSite/job/US-CA-Santa-Clara/Senior-Account-Manager---BioPharma_JR1990101
Senior ASIC Verification Engineer,"US, CA, Santa Clara",Posted 6 Days Ago,https://nvidia.wd5.myworkdayjobs.com/en-US/NVIDIAExternalCareerSite/job/US-CA-Santa-Clara/Senior-ASIC-Verification-Engineer_JR1967118
"Senior System Software Engineer, Signing Services",2 Locations,Posted 6 Days Ago,https://nvidia.wd5.myworkdayjobs.com/en-US/NVIDIAExternalCareerSite/job/US-CA-Remote/Senior-System-Software-Engineer--Signing-Services_JR1989831
Senior Developer Technology Engineer - AI,5 Locations,Posted 6 Days Ago,https://nvidia.wd5.myworkdayjobs.com/en-US/NVIDIAExternalCareerSite/job/US-CA-Santa-Clara/Senior-Developer-Technology-Engineer---AI_JR1973079-1
Senior Revenue Accountant,"US, CA, Santa Clara",Posted 6 Days Ago,https://nvidia.wd5.myworkdayjobs.com/en-US/NVIDIAExternalCareerSite/job/US-CA-Santa-Clara/Senior-Revenue-Accountant_JR1980855
C++ System Software Engineer Intern - 2025,"China, Shanghai",Posted 6 Days Ago,https://nvidia.wd5.myworkdayjobs.com/en-US/NVIDIAExternalCareerSite/job/China-Shanghai/Graphics-C---Software-Engineer-Intern_JR1989316
Web Application Software Engineering Intern - 2025,"China, Shanghai",Posted 6 Days Ago,https://nvidia.wd5.myworkdayjobs.com/en-US/NVIDIAExternalCareerSite/job/China-Shanghai/Web-Application-Software-Engineering-Intern_JR1989317
Machine Learning(LLM) Infrastructure System Software Engineer Intern - 2025,"China, Shanghai",Posted 6 Days Ago,https://nvidia.wd5.myworkdayjobs.com/en-US/NVIDIAExternalCareerSite/job/China-Shanghai/Machine-Learning--Platform-Software-Engineer-Intern_JR1989318
Socket Board Engineer,"Hong Kong, STP",Posted 6 Days Ago,https://nvidia.wd5.myworkdayjobs.com/en-US/NVIDIAExternalCareerSite/job/Hong-Kong-STP/Socket-Board-Engineer_JR1990152
Web Software Engineer Intern - 2025,2 Locations,Posted 6 Days Ago,https://nvidia.wd5.myworkdayjobs.com/en-US/NVIDIAExternalCareerSite/job/China-Shanghai/Web-Software-Engineer-Intern---2025_JR1989898
ASIC TOP Floorplan Intern - 2025,"China, Shanghai",Posted 6 Days Ago,https://nvidia.wd5.myworkdayjobs.com/en-US/NVIDIAExternalCareerSite/job/China-Shanghai/ASIC-TOP-Floorplan-Intern---2025_JR1990061
Drive SDK Engineer Intern - Autonomous Driving,"China, Shenzhen",Posted 6 Days Ago,https://nvidia.wd5.myworkdayjobs.com/en-US/NVIDIAExternalCareerSite/job/China-Shenzhen/Drive-SDK-Engineer-Intern---Autonomous-Driving_JR1989529
Dense Reconstruction Intern - 2025,"China, Shanghai",Posted 6 Days Ago,https://nvidia.wd5.myworkdayjobs.com/en-US/NVIDIAExternalCareerSite/job/China-Shanghai/Dense-Reconstruction-Intern---2025_JR1989966
Senior Custom SOC IP Verification Engineer,"China, Shanghai",Posted 6 Days Ago,https://nvidia.wd5.myworkdayjobs.com/en-US/NVIDIAExternalCareerSite/job/China-Shanghai/Senior-Custom-SOC-IP-Verification-Engineer_JR1989788
Regional Planner,"Taiwan, Taipei",Posted 6 Days Ago,https://nvidia.wd5.myworkdayjobs.com/en-US/NVIDIAExternalCareerSite/job/Taiwan-Taipei/Regional-Planner_JR1990145
Senior Deep Learning Performance Engineer - Training at Scale,5 Locations,Posted 6 Days Ago,https://nvidia.wd5.myworkdayjobs.com/en-US/NVIDIAExternalCareerSite/job/Poland-Remote/Senior-Deep-Learning-Performance-Software-Engineer_JR1980206
"Senior System Software Architect, HPC Networking","China, Beijing",Posted 6 Days Ago,https://nvidia.wd5.myworkdayjobs.com/en-US/NVIDIAExternalCareerSite/job/China-Beijing/Senior-System-Software-Architect--HPC-Networking_JR1987268
Software Verification Engineer,"Israel, Yokneam",Posted 6 Days Ago,https://nvidia.wd5.myworkdayjobs.com/en-US/NVIDIAExternalCareerSite/job/Israel-Yokneam/Software-Verification-Engineer_JR1984903
"Senior Software Engineer, Deep Learning Inference - Windows","US, CA, Santa Clara",Posted 7 Days Ago,https://nvidia.wd5.myworkdayjobs.com/en-US/NVIDIAExternalCareerSite/job/US-CA-Santa-Clara/Senior-Software-Engineer--Deep-Learning-Inference_JR1986658
"Inception Community Manager, Accelerated Computing Startups","UK, Remote",Posted 6 Days Ago,https://nvidia.wd5.myworkdayjobs.com/en-US/NVIDIAExternalCareerSite/job/UK-Remote/Inception-Community-Manager--Accelerated-Computing-Startups_JR1988009
"Senior Support Engineer, Linux and HPC Admin","Netherlands, Amsterdam",Posted 6 Days Ago,https://nvidia.wd5.myworkdayjobs.com/en-US/NVIDIAExternalCareerSite/job/Netherlands-Amsterdam/Senior-Support-Engineer--Linux-and-HPC-Admin_JR1989915
"Senior System Software Test Engineer, Networking","India, Bengaluru",Posted 6 Days Ago,https://nvidia.wd5.myworkdayjobs.com/en-US/NVIDIAExternalCareerSite/job/India-Bengaluru/Senior-System-Software-Test-Engineer--Networking_JR1990078
"Technical Support Engineer, Linux and HPC Admin",2 Locations,Posted 6 Days Ago,https://nvidia.wd5.myworkdayjobs.com/en-US/NVIDIAExternalCareerSite/job/New-Zealand-Remote/Technical-Support-Engineer--Linux-and-HPC-Admin_JR1989917
"Senior Software Engineer, AI Storage Infrastructure",2 Locations,Posted 7 Days Ago,https://nvidia.wd5.myworkdayjobs.com/en-US/NVIDIAExternalCareerSite/job/US-CA-Santa-Clara/Senior-Software-Engineer--AI-Storage-Infrastructure_JR1986770
Network Modeling Architect,2 Locations,Posted 7 Days Ago,https://nvidia.wd5.myworkdayjobs.com/en-US/NVIDIAExternalCareerSite/job/Israel-Yokneam/Network-Modeling-Architect_JR1984762
"Senior Software Engineer, Server Manageability FMEA",2 Locations,Posted 8 Days Ago,https://nvidia.wd5.myworkdayjobs.com/en-US/NVIDIAExternalCareerSite/job/US-CA-Santa-Clara/Senior-Software-Engineer--Server-Manageability-FMEA_JR1980416
Senior Software Engineer - Distributed Storage,2 Locations,Posted 8 Days Ago,https://nvidia.wd5.myworkdayjobs.com/en-US/NVIDIAExternalCareerSite/job/US-CA-Santa-Clara/Senior-Software-Engineer---Distributed-Storage_JR1987587
Senior HPC Performance Engineer,"US, CA, Santa Clara",Posted 8 Days Ago,https://nvidia.wd5.myworkdayjobs.com/en-US/NVIDIAExternalCareerSite/job/US-CA-Santa-Clara/Senior-HPC-Performance-Engineer_JR1977468
Senior Security Firmware Engineer – Data Center Systems,2 Locations,Posted 8 Days Ago,https://nvidia.wd5.myworkdayjobs.com/en-US/NVIDIAExternalCareerSite/job/US-CA-Santa-Clara/Senior-Security-Firmware-Engineer---Data-Center-Systems_JR1989403
"Principal Engineer, Server RAS",2 Locations,Posted 8 Days Ago,https://nvidia.wd5.myworkdayjobs.com/en-US/NVIDIAExternalCareerSite/job/US-CA-Santa-Clara/Principal-Engineer--Server-RAS_JR1982042
"Senior System Software Engineer, NCCL - Partner Enablement",3 Locations,Posted 8 Days Ago,https://nvidia.wd5.myworkdayjobs.com/en-US/NVIDIAExternalCareerSite/job/US-CA-Santa-Clara/Senior-System-Software-Engineer--NCCL---Partner-Enablement_JR1985696
Senior Systems Software Engineer - Security,2 Locations,Posted 8 Days Ago,https://nvidia.wd5.myworkdayjobs.com/en-US/NVIDIAExternalCareerSite/job/US-CA-Santa-Clara/Senior-Systems-Software-Engineer---Security_JR1988010
Senior Manager - Storage Production Engineering and SRE,"US, CA, Santa Clara",Posted 8 Days Ago,https://nvidia.wd5.myworkdayjobs.com/en-US/NVIDIAExternalCareerSite/job/US-CA-Santa-Clara/Manager--SRE----Storage-Architecture_JR1980970
Senior Server Firmware Engineer - SBIOS,2 Locations,Posted 8 Days Ago,https://nvidia.wd5.myworkdayjobs.com/en-US/NVIDIAExternalCareerSite/job/US-CA-Santa-Clara/Senior-Server-Firmware-Engineer---UEFI-Development_JR1983994
Senior Platform Firmware Architect - Notebook,"US, CA, Santa Clara",Posted 8 Days Ago,https://nvidia.wd5.myworkdayjobs.com/en-US/NVIDIAExternalCareerSite/job/US-CA-Santa-Clara/Senior-Platform-Firmware-Architect---Client-PC_JR1983926
Senior Release Engineer - Server Software,2 Locations,Posted 8 Days Ago,https://nvidia.wd5.myworkdayjobs.com/en-US/NVIDIAExternalCareerSite/job/US-CA-Santa-Clara/Senior-Release-Engineer--RAS---Server-Software_JR1988220-1
"Director, Strategic Sourcing – Professional Services","US, CA, Santa Clara",Posted 9 Days Ago,https://nvidia.wd5.myworkdayjobs.com/en-US/NVIDIAExternalCareerSite/job/US-CA-Santa-Clara/Director--Strategic-Sourcing---Professional-Services_JR1983742
"Director, Strategic Alliances - CAE and EDA",2 Locations,Posted 9 Days Ago,https://nvidia.wd5.myworkdayjobs.com/en-US/NVIDIAExternalCareerSite/job/US-CA-Santa-Clara/Director--Strategic-Alliances---CAE-and-EDA_JR1986045
Senior Virtual GPU Solutions Support Engineer,3 Locations,Posted 9 Days Ago,https://nvidia.wd5.myworkdayjobs.com/en-US/NVIDIAExternalCareerSite/job/US-MA-Westford/Senior-Virtual-GPU-Solutions-Support-Engineer_JR1985911
Systems Software Engineer - GeForce NOW Video Streaming Technology,"US, CA, Santa Clara",Posted 9 Days Ago,https://nvidia.wd5.myworkdayjobs.com/en-US/NVIDIAExternalCareerSite/job/US-CA-Santa-Clara/Systems-Software-Engineer---GeForce-NOW-Video-Streaming-Technology_JR1989827
Applied AI Rendering Researcher,6 Locations,Posted 9 Days Ago,https://nvidia.wd5.myworkdayjobs.com/en-US/NVIDIAExternalCareerSite/job/US-CA-Remote/Applied-AI-Rendering-Researcher_JR1990092
"Senior Developer Technology Engineer, High-Performance Databases",2 Locations,Posted 9 Days Ago,https://nvidia.wd5.myworkdayjobs.com/en-US/NVIDIAExternalCareerSite/job/US-CA-Santa-Clara/Senior-Developer-Technology-Engineer--High-Performance-Databases_JR1967616
"Senior Developer Technology Engineer, CPU Performance",6 Locations,Posted 9 Days Ago,https://nvidia.wd5.myworkdayjobs.com/en-US/NVIDIAExternalCareerSite/job/US-CA-Santa-Clara/Senior-Developer-Technology-Engineer--CPU-Performance_JR1969542
Senior ASIC TOP Floorplan Design Engineer,"China, Shanghai",Posted 8 Days Ago,https://nvidia.wd5.myworkdayjobs.com/en-US/NVIDIAExternalCareerSite/job/China-Shanghai/Senior-ASIC-TOP-Floorplan-Design-Engineer_JR1986349
"Full Stack Software Engineer Intern, AI Infra - 2025","Germany, Berlin",Posted 9 Days Ago,https://nvidia.wd5.myworkdayjobs.com/en-US/NVIDIAExternalCareerSite/job/Germany-Berlin/Full-Stack-Software-Engineer-Intern--AI-Infra---2025_JR1989998
"Senior Software Engineer, Deep Learning Inference Workflows","US, CA, Santa Clara",Posted 9 Days Ago,https://nvidia.wd5.myworkdayjobs.com/en-US/NVIDIAExternalCareerSite/job/US-CA-Santa-Clara/Senior-Software-Engineer--Deep-Learning-Inference-Workflows_JR1983677
Senior Power Analysis Engineer,"China, Shanghai",Posted 9 Days Ago,https://nvidia.wd5.myworkdayjobs.com/en-US/NVIDIAExternalCareerSite/job/China-Shanghai/Senior-Power-Analysis-Engineer_JR1988971
Senior AI Cluster Tools Developer,"US, CA, Santa Clara",Posted 9 Days Ago,https://nvidia.wd5.myworkdayjobs.com/en-US/NVIDIAExternalCareerSite/job/US-CA-Santa-Clara/Senior-GPU-Cluster-Tools-Developer_JR1988201
Software Engineer Intern - Autonomous Vehicles - 2025,2 Locations,Posted 9 Days Ago,https://nvidia.wd5.myworkdayjobs.com/en-US/NVIDIAExternalCareerSite/job/China-Shanghai/Software-Engineer-Intern---Autonomous-Vehicles---2025_JR1989993
ICT Test Engineer,"China, Shenzhen",Posted 9 Days Ago,https://nvidia.wd5.myworkdayjobs.com/en-US/NVIDIAExternalCareerSite/job/China-Shenzhen/ICT-Test-Engineer_JR1985128-1
Senior Technical Program Manager,"Taiwan, Taipei",Posted 9 Days Ago,https://nvidia.wd5.myworkdayjobs.com/en-US/NVIDIAExternalCareerSite/job/Taiwan-Taipei/Senior-Technical-Program-Manager_JR1990102
DFX Software Engineer (RDSS Intern),2 Locations,Posted 9 Days Ago,https://nvidia.wd5.myworkdayjobs.com/en-US/NVIDIAExternalCareerSite/job/Taiwan-Taipei/DFX-Software-Engineer--RDSS-Intern-_JR1990005-1
Senior Silicon Validation and Productization Engineer,"Taiwan, Taipei",Posted 9 Days Ago,https://nvidia.wd5.myworkdayjobs.com/en-US/NVIDIAExternalCareerSite/job/Taiwan-Taipei/Senior-Silicon-Validation-and-Productization-Engineer_JR1989535
Clock Design Engineer,4 Locations,Posted 9 Days Ago,https://nvidia.wd5.myworkdayjobs.com/en-US/NVIDIAExternalCareerSite/job/Israel-Tel-Aviv/Clock-Design-Engineer_JR1988209-1
Senior STA Engineer,2 Locations,Posted 9 Days Ago,https://nvidia.wd5.myworkdayjobs.com/en-US/NVIDIAExternalCareerSite/job/Israel-Tel-Aviv/Senior-STA-Engineer_JR1989880
DFX Engineer,"China, Shanghai",Posted 9 Days Ago,https://nvidia.wd5.myworkdayjobs.com/en-US/NVIDIAExternalCareerSite/job/China-Shanghai/DFX-Engineer_JR1986358
Automation and Tools Development Engineer,"India, Pune",Posted 9 Days Ago,https://nvidia.wd5.myworkdayjobs.com/en-US/NVIDIAExternalCareerSite/job/India-Pune/Automation-and-Tools-Development-Engineer_JR1989881
"Senior System Software Engineer, Deep Learning",2 Locations,Posted 10 Days Ago,https://nvidia.wd5.myworkdayjobs.com/en-US/NVIDIAExternalCareerSite/job/US-CA-Santa-Clara/Senior-System-Software-Engineer--Deep-Learning_JR1989818
"Senior System Software Engineer, 3D Computer vision","US, CA, Santa Clara",Posted 10 Days Ago,https://nvidia.wd5.myworkdayjobs.com/en-US/NVIDIAExternalCareerSite/job/US-CA-Santa-Clara/Senior-System-Software-Engineer--3D-Computer-vision_JR1989816-1
Senior ASIC Design Engineer - Hardware,"US, CA, Santa Clara",Posted 10 Days Ago,https://nvidia.wd5.myworkdayjobs.com/en-US/NVIDIAExternalCareerSite/job/US-CA-Santa-Clara/Senior-ASIC-Design-Engineer---Hardware_JR1989822
System Software Engineer - AI,2 Locations,Posted 9 Days Ago,https://nvidia.wd5.myworkdayjobs.com/en-US/NVIDIAExternalCareerSite/job/India-Pune/System-Software-Engineer---AI_JR1990143
Senior Mask Designer and CAD Engineer,2 Locations,Posted 10 Days Ago,https://nvidia.wd5.myworkdayjobs.com/en-US/NVIDIAExternalCareerSite/job/US-TX-Austin/Senior-Mask-Designer-and-CAD-Engineer_JR1988411
"Senior Product Architect, HPC and AI",2 Locations,Posted 10 Days Ago,https://nvidia.wd5.myworkdayjobs.com/en-US/NVIDIAExternalCareerSite/job/US-CA-Santa-Clara/Senior-Product-Architect_JR1976299
SOC Design Top Level Assembly Methodologies Engineer,"US, CA, Santa Clara",Posted 10 Days Ago,https://nvidia.wd5.myworkdayjobs.com/en-US/NVIDIAExternalCareerSite/job/US-CA-Santa-Clara/SOC-Design-Top-Level-Assembly-Methodologies-Engineer_JR1989118
Senior DFT Verification Engineer,"US, CA, Santa Clara",Posted 10 Days Ago,https://nvidia.wd5.myworkdayjobs.com/en-US/NVIDIAExternalCareerSite/job/US-CA-Santa-Clara/Senior-DFT-Verification-Engineer_JR1986307
Senior Clocks Methodology Engineer,"US, CA, Santa Clara",Posted 10 Days Ago,https://nvidia.wd5.myworkdayjobs.com/en-US/NVIDIAExternalCareerSite/job/US-CA-Santa-Clara/Senior-Clocks-Methodology-Engineer_JR1989850
Senior DFX Methodology Engineer,"US, CA, Santa Clara",Posted 10 Days Ago,https://nvidia.wd5.myworkdayjobs.com/en-US/NVIDIAExternalCareerSite/job/US-CA-Santa-Clara/Senior-DFX-Methodology-Engineer_JR1977308
Senior ASIC Design Engineer,"US, CA, Santa Clara",Posted 10 Days Ago,https://nvidia.wd5.myworkdayjobs.com/en-US/NVIDIAExternalCareerSite/job/US-CA-Santa-Clara/Senior-ASIC-Design-Engineer_JR1989849
"Senior Deep Learning Software Engineer, Inference","US, CA, Santa Clara",Posted 10 Days Ago,https://nvidia.wd5.myworkdayjobs.com/en-US/NVIDIAExternalCareerSite/job/US-CA-Santa-Clara/Senior-Deep-Learning-Software-Engineer--Inference_JR1988130
Senior DFX Architect,"US, CA, Santa Clara",Posted 10 Days Ago,https://nvidia.wd5.myworkdayjobs.com/en-US/NVIDIAExternalCareerSite/job/US-CA-Santa-Clara/Senior-DFX-Architect_JR1986183
Senior GPU Supercomputer Scheduler Engineer,4 Locations,Posted 10 Days Ago,https://nvidia.wd5.myworkdayjobs.com/en-US/NVIDIAExternalCareerSite/job/US-CA-Santa-Clara/Senior-GPU-Supercomputer-Scheduler-Engineer_JR1983655
"Senior Technical Program Manager, Compute Performance Engineering",2 Locations,Posted 10 Days Ago,https://nvidia.wd5.myworkdayjobs.com/en-US/NVIDIAExternalCareerSite/job/US-CA-Santa-Clara/Senior-Technical-Program-Manager--Computational-Performance-Engineering_JR1989991
Principal Quality Architect,"US, CA, Santa Clara",Posted 10 Days Ago,https://nvidia.wd5.myworkdayjobs.com/en-US/NVIDIAExternalCareerSite/job/US-CA-Santa-Clara/Senior-DFX-Architect_JR1983257
Senior DFT Methodology Engineer,"US, CA, Santa Clara",Posted 10 Days Ago,https://nvidia.wd5.myworkdayjobs.com/en-US/NVIDIAExternalCareerSite/job/US-CA-Santa-Clara/Senior-DFT-Methodology-Engineer_JR1986316
Senior ASIC Verification Engineer,"US, CA, Santa Clara",Posted 10 Days Ago,https://nvidia.wd5.myworkdayjobs.com/en-US/NVIDIAExternalCareerSite/job/US-CA-Santa-Clara/Senior-ASIC-Verification-Engineer_JR1989690-1
"Senior Infrastructure Software Engineer, Deep Learning Libraries",2 Locations,Posted 10 Days Ago,https://nvidia.wd5.myworkdayjobs.com/en-US/NVIDIAExternalCareerSite/job/US-CA-Santa-Clara/Senior-Infrastructure-Software-Engineer--Deep-Learning-Libraries_JR1985579
Senior SOC Design Engineer,2 Locations,Posted 10 Days Ago,https://nvidia.wd5.myworkdayjobs.com/en-US/NVIDIAExternalCareerSite/job/US-CA-Santa-Clara/Senior-SOC-Design-Engineer_JR1989778
Senior Software Engineer - Design-For-Test,"US, CA, Santa Clara",Posted 10 Days Ago,https://nvidia.wd5.myworkdayjobs.com/en-US/NVIDIAExternalCareerSite/job/US-CA-Santa-Clara/Senior-Software-Engineer---Design-For-Test_JR1983089
"Senior Software Engineer, Deep Learning Inference - New HW Enablement","US, CA, Santa Clara",Posted 10 Days Ago,https://nvidia.wd5.myworkdayjobs.com/en-US/NVIDIAExternalCareerSite/job/US-CA-Santa-Clara/Senior-Software-Engineer--Deep-Learning-Inference---New-HW-Enablement_JR1986797
"System Software Engineer, Cloud Streaming - GeForce NOW","US, CA, Santa Clara",Posted 10 Days Ago,https://nvidia.wd5.myworkdayjobs.com/en-US/NVIDIAExternalCareerSite/job/US-CA-Santa-Clara/System-Software-Engineer--Cloud-Streaming---GeForce-NOW_JR1990056-1
"Software Engineer, Camera System","US, CA, Santa Clara",Posted 10 Days Ago,https://nvidia.wd5.myworkdayjobs.com/en-US/NVIDIAExternalCareerSite/job/US-CA-Santa-Clara/Software-Engineer--Camera-System_JR1990016-1
Senior Silicon Low Power Development Engineer,2 Locations,Posted 10 Days Ago,https://nvidia.wd5.myworkdayjobs.com/en-US/NVIDIAExternalCareerSite/job/US-CA-Santa-Clara/Senior-Silicon-Low-Power-Development-Engineer_JR1989826-1
"Senior Solutions Architect, NIC and DPU – NVIS","Canada, Remote",Posted 10 Days Ago,https://nvidia.wd5.myworkdayjobs.com/en-US/NVIDIAExternalCareerSite/job/Canada-Remote/Senior-Solutions-Architect--NIC-and-DPU---NVIS_JR1989227
"Senior Solutions Architect, Industry Customer Success and Partnership – NVIS","Canada, Remote",Posted 10 Days Ago,https://nvidia.wd5.myworkdayjobs.com/en-US/NVIDIAExternalCareerSite/job/Canada-Remote/Senior-Solutions-Architect--Industry-Customer-Success-and-Partnership---NVIS_JR1989225
Senior Network Engineer - Cloud,3 Locations,Posted 10 Days Ago,https://nvidia.wd5.myworkdayjobs.com/en-US/NVIDIAExternalCareerSite/job/US-CA-Santa-Clara/Senior-Network-Engineer---Cloud_JR1984126
"Developer Relations Manager, EDA","US, CA, Santa Clara",Posted 10 Days Ago,https://nvidia.wd5.myworkdayjobs.com/en-US/NVIDIAExternalCareerSite/job/US-CA-Santa-Clara/Developer-Relations-Manager--EDA_JR1990003
Senior System Software Engineer,"India, Bengaluru",Posted 10 Days Ago,https://nvidia.wd5.myworkdayjobs.com/en-US/NVIDIAExternalCareerSite/job/India-Bengaluru/Senior-System-Software-Engineer_JR1989819
"Senior Software Engineer, Cloud Automation",2 Locations,Posted 10 Days Ago,https://nvidia.wd5.myworkdayjobs.com/en-US/NVIDIAExternalCareerSite/job/Poland-Warsaw/Senior-Software-Engineer--Cloud-Automation_JR1989772
Senior ASIC Physical Design Engineer,"Taiwan, Hsinchu",Posted 10 Days Ago,https://nvidia.wd5.myworkdayjobs.com/en-US/NVIDIAExternalCareerSite/job/Taiwan-Hsinchu/Senior-ASIC-Physical-Design-Engineer_JR1976308
Distinguished Software Architect - Deep Learning and HPC Communications,"US, CA, Santa Clara",Posted 11 Days Ago,https://nvidia.wd5.myworkdayjobs.com/en-US/NVIDIAExternalCareerSite/job/US-CA-Santa-Clara/Distinguished-Software-Architect---Deep-Learning-and-HPC-Communications_JR1980127
Senior BMC Security Firmware Engineer – Data Center Systems,2 Locations,Posted 11 Days Ago,https://nvidia.wd5.myworkdayjobs.com/en-US/NVIDIAExternalCareerSite/job/US-CA-Santa-Clara/Senior-BMC-Security-Firmware-Engineer---Data-Center-Systems_JR1984534-1
Principal Firmware Engineer - Data Center Server Management,2 Locations,Posted 11 Days Ago,https://nvidia.wd5.myworkdayjobs.com/en-US/NVIDIAExternalCareerSite/job/US-CA-Santa-Clara/Principal-Platform-Software-Engineer---Data-Center-Server-Management_JR1978573
Software Engineering Manager - GPU Communications Libraries,"US, CA, Santa Clara",Posted 11 Days Ago,https://nvidia.wd5.myworkdayjobs.com/en-US/NVIDIAExternalCareerSite/job/US-CA-Santa-Clara/Software-Engineering-Manager---GPU-Communications-Libraries_JR1980109
"Senior Software Engineer, GPU Communications and Networking","US, CA, Santa Clara",Posted 11 Days Ago,https://nvidia.wd5.myworkdayjobs.com/en-US/NVIDIAExternalCareerSite/job/US-CA-Santa-Clara/Senior-Software-Engineer--GPU-Communications-and-Networking_JR1972306
"Program Manager, Revenue Marketing Operations","US, CA, Santa Clara",Posted 11 Days Ago,https://nvidia.wd5.myworkdayjobs.com/en-US/NVIDIAExternalCareerSite/job/US-CA-Santa-Clara/Program-Manager--Revenue-Marketing-Operations_JR1989374
Platform and EngOps Engineer - Cluster Operations,"US, CA, Santa Clara",Posted 11 Days Ago,https://nvidia.wd5.myworkdayjobs.com/en-US/NVIDIAExternalCareerSite/job/US-CA-Santa-Clara/Platform-and-EngOps-Engineer---Cluster-Operations_JR1990112
Senior System Software Engineer - Autonomous Vehicles,"US, CA, Santa Clara",Posted 11 Days Ago,https://nvidia.wd5.myworkdayjobs.com/en-US/NVIDIAExternalCareerSite/job/US-CA-Santa-Clara/Senior-System-Software-Engineer---Autonomous-Vehicles_JR1989955
"Senior System Software Engineer, Infrastructure - Autonomous Vehicles","US, CA, Remote",Posted 11 Days Ago,https://nvidia.wd5.myworkdayjobs.com/en-US/NVIDIAExternalCareerSite/job/US-CA-Remote/Senior-System-Software-Engineer--Infrastructure---Autonomous-Vehicles_JR1988620
Customer Program Manager,"Taiwan, Taipei",Posted 10 Days Ago,https://nvidia.wd5.myworkdayjobs.com/en-US/NVIDIAExternalCareerSite/job/Taiwan-Taipei/Customer-Program-Manager_JR1989285
System Software Engineer - Embedded and Automotive (RDSS Intern),"Taiwan, Taipei",Posted 10 Days Ago,https://nvidia.wd5.myworkdayjobs.com/en-US/NVIDIAExternalCareerSite/job/Taiwan-Taipei/System-Software-Engineer---Embedded-and-Automotive--RDSS-Intern-_JR1989996
Senior Customer Technical Program Manager,"Taiwan, Taipei",Posted 10 Days Ago,https://nvidia.wd5.myworkdayjobs.com/en-US/NVIDIAExternalCareerSite/job/Taiwan-Taipei/Senior-Customer-Technical-Program-Manager_JR1989372
Principal Data Scientist - Cloud Gaming and AI,2 Locations,Posted 11 Days Ago,https://nvidia.wd5.myworkdayjobs.com/en-US/NVIDIAExternalCareerSite/job/US-CA-Santa-Clara/Principal-Data-Scientist---Cloud-Gaming-and-AI_JR1989780-1
Senior Software Aerial Performance Engineer,"India, Bengaluru",Posted 10 Days Ago,https://nvidia.wd5.myworkdayjobs.com/en-US/NVIDIAExternalCareerSite/job/India-Bengaluru/Senior-System-Software-Engineer--Performance-and-Optimization---5G_JR1987226
Senior Technical Customer Program Manager,"US, CA, Santa Clara",Posted 11 Days Ago,https://nvidia.wd5.myworkdayjobs.com/en-US/NVIDIAExternalCareerSite/job/US-CA-Santa-Clara/Senior-Technical-Customer-Program-Manager_JR1989373
"Senior DevOps Engineer, Deep Learning Frameworks","US, CA, Santa Clara",Posted 11 Days Ago,https://nvidia.wd5.myworkdayjobs.com/en-US/NVIDIAExternalCareerSite/job/US-CA-Santa-Clara/Senior-DevOps-Engineer--Deep-Learning-Frameworks_JR1981494
Senior Software Engineer - GPU Clusters,4 Locations,Posted 11 Days Ago,https://nvidia.wd5.myworkdayjobs.com/en-US/NVIDIAExternalCareerSite/job/US-CA-Santa-Clara/Senior-Software-Engineer---GPU-Clusters_JR1989687
Senior Account Manager - Federal Healthcare,4 Locations,Posted 11 Days Ago,https://nvidia.wd5.myworkdayjobs.com/en-US/NVIDIAExternalCareerSite/job/US-DC-Washington/Senior-Account-Manager---Federal-Healthcare_JR1989883
"PhD Research Intern, Generative AI - 2025",2 Locations,Posted 11 Days Ago,https://nvidia.wd5.myworkdayjobs.com/en-US/NVIDIAExternalCareerSite/job/US-CA-Santa-Clara/PhD-Research-Intern--Generative-AI---2025_JR1989930
Machine Learning Software Platform Architect,"China, Shanghai",Posted 10 Days Ago,https://nvidia.wd5.myworkdayjobs.com/en-US/NVIDIAExternalCareerSite/job/China-Shanghai/Machine-Learning-Software-Platform-Architect_JR1978458
Senior GPU Cluster Software Engineer,"China, Shanghai",Posted 10 Days Ago,https://nvidia.wd5.myworkdayjobs.com/en-US/NVIDIAExternalCareerSite/job/China-Shanghai/Senior-GPU-Cluster-Software-Engineer_JR1982963
Senior ASIC Verification Engineer,4 Locations,Posted 11 Days Ago,https://nvidia.wd5.myworkdayjobs.com/en-US/NVIDIAExternalCareerSite/job/US-CA-Santa-Clara/Senior-ASIC-Verification-Engineer_JR1984195
CUDA Python Technical Product Manager,2 Locations,Posted 11 Days Ago,https://nvidia.wd5.myworkdayjobs.com/en-US/NVIDIAExternalCareerSite/job/US-CA-Santa-Clara/CUDA-Python-Technical-Product-Manager_JR1990088
"Machine Learning Engineer, LLM Fine-tuning and Performance","US, CA, Santa Clara",Posted 11 Days Ago,https://nvidia.wd5.myworkdayjobs.com/en-US/NVIDIAExternalCareerSite/job/US-CA-Santa-Clara/Machine-Learning-Engineer--LLM-Fine-tuning-and-Performance_JR1990034
"System Software Engineer, LLM Inference and Performance Optimization","US, CA, Santa Clara",Posted 11 Days Ago,https://nvidia.wd5.myworkdayjobs.com/en-US/NVIDIAExternalCareerSite/job/US-CA-Santa-Clara/System-Software-Engineer--LLM-Inference-and-Performance-Optimization_JR1990066
"Senior Solution Engineer, vGPU and Omniverse",6 Locations,Posted 11 Days Ago,https://nvidia.wd5.myworkdayjobs.com/en-US/NVIDIAExternalCareerSite/job/US-CA-Santa-Clara/Senior-Solution-Engineer--vGPU-and-Omniverse_JR1989843
Senior Hypervisor and RTOS Engineer,"US, CA, Santa Clara",Posted 11 Days Ago,https://nvidia.wd5.myworkdayjobs.com/en-US/NVIDIAExternalCareerSite/job/US-CA-Santa-Clara/Senior-Hypervisor-and-RTOS-Engineer_JR1989897
"PhD Research Intern, Large Language Models - 2025",2 Locations,Posted 11 Days Ago,https://nvidia.wd5.myworkdayjobs.com/en-US/NVIDIAExternalCareerSite/job/US-CA-Santa-Clara/PhD-Research-Intern--Large-Language-Models---2025_JR1989932
"PhD Research Intern, Computer Architecture and Systems - 2025",2 Locations,Posted 11 Days Ago,https://nvidia.wd5.myworkdayjobs.com/en-US/NVIDIAExternalCareerSite/job/US-CA-Santa-Clara/PhD-Research-Intern--Computer-Architecture-and-Systems---2025_JR1989938-1
"PhD Research Intern, Hardware - 2025",2 Locations,Posted 11 Days Ago,https://nvidia.wd5.myworkdayjobs.com/en-US/NVIDIAExternalCareerSite/job/US-CA-Santa-Clara/PhD-Research-Intern--Hardware---2025_JR1989939
"PhD Research Intern, Robotics and/or Autonomous Vehicles - 2025",3 Locations,Posted 11 Days Ago,https://nvidia.wd5.myworkdayjobs.com/en-US/NVIDIAExternalCareerSite/job/US-CA-Santa-Clara/PhD-Research-Intern--Robotics-and-or-Autonomous-Vehicles---2025_JR1989940-1
Senior Deep Learning Algorithm Engineer - Agentic LLM Inference,2 Locations,Posted 11 Days Ago,https://nvidia.wd5.myworkdayjobs.com/en-US/NVIDIAExternalCareerSite/job/US-CA-Santa-Clara/Senior-Deep-Learning-Algorithm-Engineer---Agentic-LLM-Inference_JR1985783-1
"Senior Software Engineer for Cloud Platforms, Deep Learning Applications",2 Locations,Posted 11 Days Ago,https://nvidia.wd5.myworkdayjobs.com/en-US/NVIDIAExternalCareerSite/job/US-CA-Santa-Clara/Senior-Cloud-Software-Engineer--Deep-Learning-Applications_JR1986909
Solution Architect - Auto,2 Locations,Posted 10 Days Ago,https://nvidia.wd5.myworkdayjobs.com/en-US/NVIDIAExternalCareerSite/job/China-Beijing/Solution-Architect---Auto_JR1983684
"Software Engineer Intern, Autonomous Vehicle - 2025",2 Locations,Posted 11 Days Ago,https://nvidia.wd5.myworkdayjobs.com/en-US/NVIDIAExternalCareerSite/job/China-Shenzhen/Software-Engineer-Intern--Autonomous-Vehicle---2025_JR1989724-1
Lead Character Artist,2 Locations,Posted 10 Days Ago,https://nvidia.wd5.myworkdayjobs.com/en-US/NVIDIAExternalCareerSite/job/Korea-Seoul/Lead-Character-Artist_JR1989734
NIM Solution Architect,"China, Guangzhou",Posted 11 Days Ago,https://nvidia.wd5.myworkdayjobs.com/en-US/NVIDIAExternalCareerSite/job/China-Guangzhou/NIM-Solution-Architect_JR1986683
Senior Web Software Engineer - Autonomous Vehicles,2 Locations,Posted 11 Days Ago,https://nvidia.wd5.myworkdayjobs.com/en-US/NVIDIAExternalCareerSite/job/China-Shenzhen/Senior-Web-Software-Engineer---Autonomous-Vehicles_JR1989633
System Software Engineer Intern - Autonomous Vehicles - 2025,"China, Shanghai",Posted 11 Days Ago,https://nvidia.wd5.myworkdayjobs.com/en-US/NVIDIAExternalCareerSite/job/China-Shanghai/System-Software-Engineer-Intern---Autonomous-Vehicles---2025_JR1989720
Senior System Software Engineer - Autonomous Vehicles,2 Locations,Posted 11 Days Ago,https://nvidia.wd5.myworkdayjobs.com/en-US/NVIDIAExternalCareerSite/job/China-Shenzhen/Senior-System-Software-Engineer---Autonomous-Vehicles_JR1989351
"Software Engineering Intern, Map Infrastructure - 2025",2 Locations,Posted 11 Days Ago,https://nvidia.wd5.myworkdayjobs.com/en-US/NVIDIAExternalCareerSite/job/China-Beijing/Software-Engineering-Intern--Map-Infrastructure---2025_JR1989904
Infrastructure Tool Development Intern - 2025,"China, Shanghai",Posted 11 Days Ago,https://nvidia.wd5.myworkdayjobs.com/en-US/NVIDIAExternalCareerSite/job/China-Shanghai/Infrastructure-Tool-Development-Intern---2025_JR1989730
Senior System Software Engineer - Scientific Computing PaaS,2 Locations,Posted 11 Days Ago,https://nvidia.wd5.myworkdayjobs.com/en-US/NVIDIAExternalCareerSite/job/US-CA-Santa-Clara/Senior-System-Software-Engineer---Scientific-Computing-PaaS_JR1979896
Deep Learning Intern - 2025,"China, Shanghai",Posted 11 Days Ago,https://nvidia.wd5.myworkdayjobs.com/en-US/NVIDIAExternalCareerSite/job/China-Shanghai/Deep-Learning-Intern---2025_JR1989732
Principal Platform Software Engineer - OpenBMC Platform Architect,2 Locations,Posted 11 Days Ago,https://nvidia.wd5.myworkdayjobs.com/en-US/NVIDIAExternalCareerSite/job/US-CA-Santa-Clara/Principal-Platform-Software-Engineer---Platform-Architect_JR1968239
AI Algorithms Software Engineer (RDSS Intern),2 Locations,Posted 11 Days Ago,https://nvidia.wd5.myworkdayjobs.com/en-US/NVIDIAExternalCareerSite/job/Taiwan-Hsinchu/AI-Algorithms-Software-Engineer--RDSS-Intern-_JR1989914-1
"Senior Solutions Architect, Networking Technology",2 Locations,Posted 11 Days Ago,https://nvidia.wd5.myworkdayjobs.com/en-US/NVIDIAExternalCareerSite/job/China-Beijing/Senior-Solutions-Architect--Networking-Technology_JR1989502
Storage R&D Software Engineer,"Israel, Raanana",Posted 11 Days Ago,https://nvidia.wd5.myworkdayjobs.com/en-US/NVIDIAExternalCareerSite/job/Israel-Raanana/Storage-R-D-Software-Engineer_JR1985141-1
Senior System Software Engineer - PCIE,2 Locations,Posted 11 Days Ago,https://nvidia.wd5.myworkdayjobs.com/en-US/NVIDIAExternalCareerSite/job/India-Hyderabad/Senior-System-Software-Engineer---PCIE_JR1989874
Senior GPU Low Power Architect,"US, CA, Santa Clara",Posted 11 Days Ago,https://nvidia.wd5.myworkdayjobs.com/en-US/NVIDIAExternalCareerSite/job/US-CA-Santa-Clara/Senior-GPU-Low-Power-Architect_JR1989782
Senior Software Engineer - Cloud Efficiency,"US, CA, Santa Clara",Posted 12 Days Ago,https://nvidia.wd5.myworkdayjobs.com/en-US/NVIDIAExternalCareerSite/job/US-CA-Santa-Clara/Senior-Software-Engineer---Cloud-Efficiency_JR1983559
Senior ASIC Power Engineer,3 Locations,Posted 12 Days Ago,https://nvidia.wd5.myworkdayjobs.com/en-US/NVIDIAExternalCareerSite/job/US-CA-Santa-Clara/Senior-ASIC-Power-Engineer_JR1983307
Senior Software Engineer - HPC,4 Locations,Posted 12 Days Ago,https://nvidia.wd5.myworkdayjobs.com/en-US/NVIDIAExternalCareerSite/job/US-CA-Santa-Clara/Senior-Software-Engineer---HPC_JR1979406-1
"Distinguished Engineer, AI Resiliency Lead",2 Locations,Posted 12 Days Ago,https://nvidia.wd5.myworkdayjobs.com/en-US/NVIDIAExternalCareerSite/job/US-CA-Santa-Clara/Distinguished-Engineer--AI-Resiliency-Lead_JR1983984
Senior ASIC Design Engineer,"US, CA, Santa Clara",Posted 12 Days Ago,https://nvidia.wd5.myworkdayjobs.com/en-US/NVIDIAExternalCareerSite/job/US-CA-Santa-Clara/Senior-ASIC-Design-Engineer_JR1983620
Senior Site Reliability Engineer,4 Locations,Posted 12 Days Ago,https://nvidia.wd5.myworkdayjobs.com/en-US/NVIDIAExternalCareerSite/job/US-CA-Santa-Clara/Senior-Site-Reliability-Engineer_JR1990017-1
Senior SONiC Python Engineer,"Israel, Raanana",Posted 12 Days Ago,https://nvidia.wd5.myworkdayjobs.com/en-US/NVIDIAExternalCareerSite/job/Israel-Raanana/Senior-SONiC-Software-Verification-Engineer_JR1984897
Software Advanced Developer,"US, WA, Redmond",Posted 12 Days Ago,https://nvidia.wd5.myworkdayjobs.com/en-US/NVIDIAExternalCareerSite/job/US-WA-Redmond/Software-Advanced-Developer_JR1989159
Manufacturing Architect,"US, CA, Santa Clara",Posted 12 Days Ago,https://nvidia.wd5.myworkdayjobs.com/en-US/NVIDIAExternalCareerSite/job/US-CA-Santa-Clara/Lead-Manufacturing-Quality-Engineer_JR1987168
Memory System Quality Architect,2 Locations,Posted 12 Days Ago,https://nvidia.wd5.myworkdayjobs.com/en-US/NVIDIAExternalCareerSite/job/US-CA-Santa-Clara/Senior-System-Quality-Architect---Power--Thermal-and-Packaging_JR1988224
Interactive Avatar Intern - 2025,"Switzerland, Zurich",Posted 12 Days Ago,https://nvidia.wd5.myworkdayjobs.com/en-US/NVIDIAExternalCareerSite/job/Switzerland-Zurich/Interactive-Avatar-Intern---2025_JR1989905-1
Server Firmware Developer (RDSS Intern),"Taiwan, Taipei",Posted 11 Days Ago,https://nvidia.wd5.myworkdayjobs.com/en-US/NVIDIAExternalCareerSite/job/Taiwan-Taipei/Server-Firmware-Developer--RDSS-Intern-_JR1989649
"Software Engineering Intern, Drive Sim - 2025",2 Locations,Posted 11 Days Ago,https://nvidia.wd5.myworkdayjobs.com/en-US/NVIDIAExternalCareerSite/job/China-Shanghai/Software-Engineering-Intern--Drive-Sim---2025_JR1989639-1
"System Engineer Intern, Autonomous Vehicles - 2025","China, Shanghai",Posted 12 Days Ago,https://nvidia.wd5.myworkdayjobs.com/en-US/NVIDIAExternalCareerSite/job/China-Shanghai/System-Engineer-Intern--Autonomous-Vehicles---2025_JR1989654
"Senior Software Engineer - Computer Vision, Graphics and Deep Learning","US, CA, Santa Clara",Posted 12 Days Ago,https://nvidia.wd5.myworkdayjobs.com/en-US/NVIDIAExternalCareerSite/job/US-CA-Santa-Clara/Senior-Software-Engineer---Computer-Vision--Graphics-and-Deep-Learning_JR1989943-1
"Technical Support Engineer, Linux and HPC Admin","US, CA, Santa Clara",Posted 12 Days Ago,https://nvidia.wd5.myworkdayjobs.com/en-US/NVIDIAExternalCareerSite/job/US-CA-Santa-Clara/Technical-Support-Engineer--Linux-and-HPC-Admin_JR1989846
Senior Physical Design Backend Engineer,3 Locations,Posted 12 Days Ago,https://nvidia.wd5.myworkdayjobs.com/en-US/NVIDIAExternalCareerSite/job/Israel-Tel-Aviv/Senior-Physical-Design-Backend-Engineer_JR1989434
Senior DevOps Engineer,2 Locations,Posted 12 Days Ago,https://nvidia.wd5.myworkdayjobs.com/en-US/NVIDIAExternalCareerSite/job/Israel-Raanana/Senior-DevOps-Engineer_JR1985054
Director of Server Simulation,"US, CA, Santa Clara",Posted 13 Days Ago,https://nvidia.wd5.myworkdayjobs.com/en-US/NVIDIAExternalCareerSite/job/US-CA-Santa-Clara/Director-of-Server-Simulation_JR1980335-1
Senior Site Reliability Engineer - DGX Cloud,3 Locations,Posted 13 Days Ago,https://nvidia.wd5.myworkdayjobs.com/en-US/NVIDIAExternalCareerSite/job/US-CA-Santa-Clara/Senior-Site-Reliability-Engineer---DGX-Cloud_JR1989172
Mixed Signal Design Engineer (RDSS intern),2 Locations,Posted 12 Days Ago,https://nvidia.wd5.myworkdayjobs.com/en-US/NVIDIAExternalCareerSite/job/Taiwan-Hsinchu/Mixed-Signal-Design-Engineer--RDSS-intern-_JR1989707
CAD Tools Development Engineer - Hardware (RDSS Intern),"Taiwan, Taipei",Posted 12 Days Ago,https://nvidia.wd5.myworkdayjobs.com/en-US/NVIDIAExternalCareerSite/job/Taiwan-Taipei/CAD-Tools-Development-Engineer---Hardware--RDSS-Intern-_JR1989641
Silicon Validation Engineer (RDSS Intern),"Taiwan, Taipei",Posted 12 Days Ago,https://nvidia.wd5.myworkdayjobs.com/en-US/NVIDIAExternalCareerSite/job/Taiwan-Taipei/Silicon-Validation-Engineer--RDSS-Intern-_JR1989653
Hardware Farm Engineer,"India, Bengaluru",Posted 12 Days Ago,https://nvidia.wd5.myworkdayjobs.com/en-US/NVIDIAExternalCareerSite/job/India-Bengaluru/Hardware-Farm-Engineer_JR1989674
Mixed Signal Circuit Design Intern - 2025,"Taiwan, Hsinchu",Posted 12 Days Ago,https://nvidia.wd5.myworkdayjobs.com/en-US/NVIDIAExternalCareerSite/job/Taiwan-Hsinchu/Mixed-Signal-Circuit-Design-Intern---2025_JR1989795
Senior Technical Program Manager,3 Locations,Posted 12 Days Ago,https://nvidia.wd5.myworkdayjobs.com/en-US/NVIDIAExternalCareerSite/job/India-Pune/Senior-Technical-Program-Manager_JR1989804
"AI Computing Software Development Engineer, TensorRT","China, Shanghai",Posted 12 Days Ago,https://nvidia.wd5.myworkdayjobs.com/en-US/NVIDIAExternalCareerSite/job/China-Shanghai/AI-Computing-Software-Development-Engineer--TensorRT_JR1977936
Product Marketing Manager - Inference Optimization Software,"US, CA, Santa Clara",Posted 13 Days Ago,https://nvidia.wd5.myworkdayjobs.com/en-US/NVIDIAExternalCareerSite/job/US-CA-Santa-Clara/Product-Marketing-Manager---TensorRT-LLM_JR1988694
Senior Software Architect - Deep Learning and HPC Communications,6 Locations,Posted 13 Days Ago,https://nvidia.wd5.myworkdayjobs.com/en-US/NVIDIAExternalCareerSite/job/US-CA-Santa-Clara/Senior-Software-Architect---Deep-Learning-and-HPC-Communications_JR1986492
EDA Infrastructure Engineer,4 Locations,Posted 13 Days Ago,https://nvidia.wd5.myworkdayjobs.com/en-US/NVIDIAExternalCareerSite/job/US-NC-Durham/EDA-Infrastructure-Engineer_JR1989663
"Research Scientist, Autonomous Vehicles - New College Grad 2025",2 Locations,Posted 13 Days Ago,https://nvidia.wd5.myworkdayjobs.com/en-US/NVIDIAExternalCareerSite/job/US-CA-Santa-Clara/Research-Scientist--Autonomous-Vehicles---New-College-Grad-2025_JR1989835
Senior CDC and STA Engineer,2 Locations,Posted 13 Days Ago,https://nvidia.wd5.myworkdayjobs.com/en-US/NVIDIAExternalCareerSite/job/US-MA-Westford/Senior-CDC-and-STA-Engineer_JR1989442
Senior Power Engineer,"US, CA, Santa Clara",Posted 13 Days Ago,https://nvidia.wd5.myworkdayjobs.com/en-US/NVIDIAExternalCareerSite/job/US-CA-Santa-Clara/Senior-Power-Engineer_JR1989801
"PhD Research Intern, Computer Vision and Deep Learning - 2025",2 Locations,Posted 13 Days Ago,https://nvidia.wd5.myworkdayjobs.com/en-US/NVIDIAExternalCareerSite/job/US-CA-Santa-Clara/PhD-Research-Intern--Computer-Vision-and-Deep-Learning---2025_JR1989933
"PhD Research Intern, Graphics - 2025",2 Locations,Posted 13 Days Ago,https://nvidia.wd5.myworkdayjobs.com/en-US/NVIDIAExternalCareerSite/job/US-CA-Santa-Clara/PhD-Research-Intern--Graphics---2025_JR1989934-1
Senior Software Engineer - DOCA,3 Locations,Posted 13 Days Ago,https://nvidia.wd5.myworkdayjobs.com/en-US/NVIDIAExternalCareerSite/job/US-CA-Santa-Clara/Senior-Software-Engineer---DOCA_JR1977626
Senior Firmware Engineer – GPU Networking,"US, CA, Santa Clara",Posted 13 Days Ago,https://nvidia.wd5.myworkdayjobs.com/en-US/NVIDIAExternalCareerSite/job/US-CA-Santa-Clara/Senior-Firmware-Engineer---GPU-Networking_JR1984988-1
Senior Electrical Product Engineer - Datacenter,"Mexico, Remote",Posted 13 Days Ago,https://nvidia.wd5.myworkdayjobs.com/en-US/NVIDIAExternalCareerSite/job/Mexico-Remote/Senior-Electrical-Product-Engineer---Datacenter_JR1988342
Senior Hardware Validation Engineer,"US, CA, Santa Clara",Posted 13 Days Ago,https://nvidia.wd5.myworkdayjobs.com/en-US/NVIDIAExternalCareerSite/job/US-CA-Santa-Clara/Senior-Hardware-Validation-Engineer_JR1983084-1
Product Development Engineer - HBM,"US, CA, Santa Clara",Posted 13 Days Ago,https://nvidia.wd5.myworkdayjobs.com/en-US/NVIDIAExternalCareerSite/job/US-CA-Santa-Clara/Product-Development-Engineer---HBM_JR1989616
Senior Buyer,"US, CA, Santa Clara",Posted 13 Days Ago,https://nvidia.wd5.myworkdayjobs.com/en-US/NVIDIAExternalCareerSite/job/US-CA-Santa-Clara/Senior-Buyer_JR1989461
"Software Manager, HW Simulation","Israel, Tel Aviv",Posted 13 Days Ago,https://nvidia.wd5.myworkdayjobs.com/en-US/NVIDIAExternalCareerSite/job/Israel-Tel-Aviv/Manager--Software-Engineering_JR1984886
IC Test Program Validation and Verification Engineer,"Israel, Yokneam",Posted 13 Days Ago,https://nvidia.wd5.myworkdayjobs.com/en-US/NVIDIAExternalCareerSite/job/Israel-Yokneam/IC-Test-Program-Validation-and-Verification-Engineer_JR1989426
"Senior Deep Learning Software Engineer, Algorithmic Model Optimization",2 Locations,Posted 13 Days Ago,https://nvidia.wd5.myworkdayjobs.com/en-US/NVIDIAExternalCareerSite/job/US-CA-Santa-Clara/Senior-Deep-Learning-Software-Engineer--Algorithmic-Model-Optimization_JR1969684
Senior IC Failure Analysis Engineer,"Israel, Yokneam",Posted 13 Days Ago,https://nvidia.wd5.myworkdayjobs.com/en-US/NVIDIAExternalCareerSite/job/Israel-Yokneam/Senior-IC-Failure-Analysis-Engineer_JR1989011
"Senior Safety Architect, Drive Platforms - Autonomous Vehicles",2 Locations,Posted 13 Days Ago,https://nvidia.wd5.myworkdayjobs.com/en-US/NVIDIAExternalCareerSite/job/US-CA-Santa-Clara/Senior-Safety-Architect--Drive-Platforms---Autonomous-Vehicles_JR1986354
SONiC Software Automation Engineer,"Israel, Raanana",Posted 13 Days Ago,https://nvidia.wd5.myworkdayjobs.com/en-US/NVIDIAExternalCareerSite/job/Israel-Raanana/SONiC-Software-Automation-Engineer_JR1988024
Senior System Software Performance Automation Engineer,2 Locations,Posted 13 Days Ago,https://nvidia.wd5.myworkdayjobs.com/en-US/NVIDIAExternalCareerSite/job/Israel-Raanana/Senior-System-Software-Performance-Verification-Engineer_JR1984899
"Senior Deep Learning Scientist, Conversational AI","US, CA, Santa Clara",Posted 13 Days Ago,https://nvidia.wd5.myworkdayjobs.com/en-US/NVIDIAExternalCareerSite/job/US-CA-Santa-Clara/Senior-Deep-Learning-Scientist--Conversational-AI_JR1977912
Silicon Solution Intern - 2025,"China, Shanghai",Posted 13 Days Ago,https://nvidia.wd5.myworkdayjobs.com/en-US/NVIDIAExternalCareerSite/job/China-Shanghai/Silicon-Solution-Intern---2025_JR1989658-1
VLSI Physical Design CAD Intern - 2025,2 Locations,Posted 13 Days Ago,https://nvidia.wd5.myworkdayjobs.com/en-US/NVIDIAExternalCareerSite/job/China-Shanghai/VLSI-Physical-Design-CAD-Intern---2025_JR1989409
"Solutions Architect, Networking Technology",3 Locations,Posted 13 Days Ago,https://nvidia.wd5.myworkdayjobs.com/en-US/NVIDIAExternalCareerSite/job/China-Beijing/Solutions-Architect--Networking-Technology_JR1989510
"Senior Solutions Architect, NIC and DPU – NVIS",2 Locations,Posted 13 Days Ago,https://nvidia.wd5.myworkdayjobs.com/en-US/NVIDIAExternalCareerSite/job/Korea-Remote/Senior-Solutions-Architect--NIC-and-DPU---NVIS_JR1989562
System Software Architecture Researcher- PhD Program,"Denmark, Roskilde",Posted 13 Days Ago,https://nvidia.wd5.myworkdayjobs.com/en-US/NVIDIAExternalCareerSite/job/Denmark-Roskilde/System-Software-Architecture-Researcher--PhD-Program_JR1987969
Vehicle Function Adaptation and Testing Engineer,"Germany, Stuttgart",Posted 13 Days Ago,https://nvidia.wd5.myworkdayjobs.com/en-US/NVIDIAExternalCareerSite/job/Germany-Stuttgart/Senior-Software-Engineer---Autonomous-Vehicles_JR1988387
"Senior Solution Architect, HPC and AI - NVIS",2 Locations,Posted 13 Days Ago,https://nvidia.wd5.myworkdayjobs.com/en-US/NVIDIAExternalCareerSite/job/Korea-Remote/Senior-Solution-Architect--HPC-and-AI---NVIS_JR1989558
"Senior Solutions Architect, Industry Customer Success and Partnership – NVIS",2 Locations,Posted 13 Days Ago,https://nvidia.wd5.myworkdayjobs.com/en-US/NVIDIAExternalCareerSite/job/Korea-Remote/Senior-Solutions-Architect--Industry-Customer-Success-and-Partnership---NVIS_JR1989564
Software QA Test Developer - Automotive,"India, Hyderabad",Posted 13 Days Ago,https://nvidia.wd5.myworkdayjobs.com/en-US/NVIDIAExternalCareerSite/job/India-Hyderabad/Software-QA-Test-Developer---Automotive_JR1988392
Factory Planner,"Vietnam, Remote",Posted 13 Days Ago,https://nvidia.wd5.myworkdayjobs.com/en-US/NVIDIAExternalCareerSite/job/Vietnam-Remote/Factory-Planner_JR1988862
"Senior System Software Engineer, Cloud Software and Infrastructure","China, Shanghai",Posted 13 Days Ago,https://nvidia.wd5.myworkdayjobs.com/en-US/NVIDIAExternalCareerSite/job/China-Shanghai/Senior-System-Software-Engineer--Cloud-Software-and-Infrastructure_JR1988765
"Deep-Learning Software Engineer, Performance Optimization","Japan, Tokyo",Posted 13 Days Ago,https://nvidia.wd5.myworkdayjobs.com/en-US/NVIDIAExternalCareerSite/job/Japan-Tokyo/Deep-Learning-Software-Engineer--Performance-Optimization_JR1989446
Deep Learning Performance Architect,"China, Shanghai",Posted 13 Days Ago,https://nvidia.wd5.myworkdayjobs.com/en-US/NVIDIAExternalCareerSite/job/China-Shanghai/Deep-Learning-Performance-Architect_JR1989400
AI Developer Technology Engineer Intern - 2025,"China, Beijing",Posted 13 Days Ago,https://nvidia.wd5.myworkdayjobs.com/en-US/NVIDIAExternalCareerSite/job/China-Beijing/AI-Developer-Technology-Engineer-Intern---2025_JR1989499-1
"Software Engineer Intern, Cybersecurity and OTA - 2025","China, Shanghai",Posted 13 Days Ago,https://nvidia.wd5.myworkdayjobs.com/en-US/NVIDIAExternalCareerSite/job/China-Shanghai/Software-Engineer-Intern--Cybersecurity-and-OTA---2025_JR1989519
Software QA Engineer Intern - 2025,"China, Shanghai",Posted 13 Days Ago,https://nvidia.wd5.myworkdayjobs.com/en-US/NVIDIAExternalCareerSite/job/China-Shanghai/Software-QA-Engineer-Intern---2025_JR1989503
Solution Architect - CSP Cloud,2 Locations,Posted 13 Days Ago,https://nvidia.wd5.myworkdayjobs.com/en-US/NVIDIAExternalCareerSite/job/China-Beijing/Solution-Architect---CSP-Cloud_JR1988547
"Senior Solutions Architect, CSP System","China, Beijing",Posted 13 Days Ago,https://nvidia.wd5.myworkdayjobs.com/en-US/NVIDIAExternalCareerSite/job/China-Beijing/Senior-Solutions-Architect--CSP-System_JR1988507-1